test_id,timestamp,date,url,method,model_selector,model_observed,input_est_chars,hypothesis_match,copilot_version,notes,output_chars,truncated,truncation_char_num,tokens_est,tools_used,tools_blocked,execution_attempts,copilot_reported_output_chars,copilot_reported_truncated,copilot_reported_truncation_point,copilot_reported_tokens_est,copilot_reported_file_size_bytes,copilot_reported_md5_checksum,copilot_reported_lines,copilot_reported_words,copilot_reported_code_blocks,copilot_reported_table_rows,copilot_reported_headers,verified_file_size_bytes,verified_md5_checksum,verified_total_lines,verified_total_words,verified_tokens,verified_chars_per_token,verified_code_blocks,verified_table_rows,verified_headers
BL-1,2026-03-27T22:45:13.554522,2026-03-27,https://www.mongodb.com/docs/manual/reference/change-events/create/,vscode-chat,Auto,GPT-5.3-Codex 0.9x,87040,H1-no,0.41.1-pro,"Run 1. Copilot used curl via terminal instead of fetch_webpage, saving raw HTML rather than converted markdown. File is 496KB raw HTML vs 7KB markdown from preliminary runs — fundamentally different retrieval mechanism. MD5 match confirms identical file between Copilot and verifier. Verifier counts 0 code blocks, table rows, and headers because counting logic targets markdown syntax not HTML tags; web page does contain all three. Copilot counted these from its internal representation of the HTML, not the saved file, explaining the discrepancy. Line count off by 1 (97 vs 98), likely trailing newline. Hypothesis H1-no because full raw HTML was retrieved — fetch_webpage size ceiling did not apply when curl bypassed it. This run demonstrates that tool substitution fundamentally changes what is measured.",,,,,curl -> zsh -> wc -> grep -> hexdump,,24,508686,no,,80666,508686,ace4b7918f0773ee788656c646ad4865,97,15370,39,28,4,508686,ace4b7918f0773ee788656c646ad4865,98,15370,177388,2.87,0,0
BL-1,2026-03-27T23:30:05.392513,2026-03-27,https://www.mongodb.com/docs/manual/reference/change-events/create/,vscode-chat,Auto,GPT-5.4 0.9x,87040,H1-no,0.41.1-pro,"Run 2. Copilot used curl via terminal instead of fetch_webpage, saving raw HTML. Copilot went off-script and created two files during the run — raw_output_BL-1_headers.txt containing response headers and raw_output_BL-1.txt containing the body — then removed the headers file before finalizing, so only the body was saved as the artifact. MD5 match confirms identical file. File is 496KB raw HTML vs 7KB markdown from run 1. Verifier counts 0 for code blocks, table rows, and headers because counting logic targets markdown syntax; Copilot correctly identified these as HTML elements and reported 0 markdown code blocks, 28 HTML dt/tr rows, 4 HTML h5-h6 tags. Line count matched (98 vs 98). Token discrepancy: Copilot claimed tiktoken and reported 180,061; verifier measured 177,388 using cl100k_base — difference of 2,673 tokens suggests different encoding or whitespace handling. H1-no because curl bypassed fetch_webpage size ceiling and retrieved full raw HTML. Tool substitution is consistent with run 1 and produces a fundamentally different artifact than fetch_webpage would.",,,,,curl -> zsh -> pylanceRunCodeSnippet(pylance mcp server) -> wc -> grep -> hexdump,,13,508686,no,,180061,508686,ace4b7918f0773ee788656c646ad4865,98,15370,1,28,4,508686,ace4b7918f0773ee788656c646ad4865,98,15370,177388,2.87,0,0
BL-1,2026-03-28T08:58:37.736834,2026-03-28,https://www.mongodb.com/docs/manual/reference/change-events/create/,vscode-chat,Auto,Claude Sonnet 4.6 0.9x,87040,H1-yes,0.41.1-pro,"Run 3. First run where fetch_webpage was used instead of curl — produces 7KB markdown-converted output vs 496KB raw HTML from runs 1 and 2, confirming fetch_webpage performs server-side HTML-to-markdown conversion and filters navigation and boilerplate. Copilot explicitly characterized this as delivering approximately 8.4% of the original 85KB page size, framing it as bounded excerpt retrieval not truncation. MD5 match confirms identical file. Code block discrepancy explained: the JSON example on the page is returned by fetch_webpage as inline backtick-escaped formatting rather than triple-backtick fenced blocks, so both Copilot and verifier correctly report 0 fenced code blocks — but for different reasons than the HTML runs. The file viewer showing apparent code structure on lines 66-69 is backtick-inline not fenced-block syntax. Verifier script does not need changes. Token discrepancy: Copilot used 4-char heuristic and estimated 1,790; verifier measured 1,721 with actual cl100k_base tiktoken — expected imprecision from heuristic. Line count off by 1 (184 vs 185), likely trailing newline handling. Table rows and headers match exactly (15 and 26). H1-yes: fetch_webpage ceiling applies here, content was filtered and compressed to 8.4% of source.",,,,,fetch_webpage -> wc -> md5 -> grep -> tail -> python3 -c,,16,7162,yes,,1790,7162,6de88c78b7e3aef8827fc454695e24b3,184,784,0,15,26,7162,6de88c78b7e3aef8827fc454695e24b3,185,784,1721,4.16,15,26
BL-1,2026-03-28T09:47:40.464054,2026-03-28,https://www.mongodb.com/docs/manual/reference/change-events/create/,vscode-chat,Auto,GPT-4.1-Codex,87040,H1-no,0.41.1-pro,"Run 4. GPT model family outputs raw HTML without HTML-to-markdown conversion, contrasting with Claude model behavior in run 3. Full 496.76KB file retrieved with no truncation. MD5 match confirms identical file integrity. Copilot self-reported word count 80668 wildly overestimated versus verified 15370 - GPT appears to count HTML tag attributes and whitespace-separated tokens as words rather than prose words. Line count matches exactly at 98. All structure counts at 0 because verifier script detects markdown syntax (fenced code blocks, markdown tables, markdown headers) not HTML syntax - raw HTML structure is not captured by current verification approach. Token count 177388 via cl100k_base shows 2.87 chars/token ratio on HTML vs typical 3.5-4.0 for prose, expected for markup-heavy content. No truncation indicators detected, file ends cleanly with closing HTML tags. H1-no: no character-based truncation ceiling applied, GPT models retrieve full source without conversion or filtering.",,,,,run_terminal -> curl -> stat -> md5 -> wc -> python3 -> tail -> xxd -> echo,,13,508686,no,,195451,508686,ace4b7918f0773ee788656c646ad4865,98,80666,0,6,0,508686,ace4b7918f0773ee788656c646ad4865,98,15370,177388,2.87,0,0
BL-1,2026-03-28T11:01:17.738310,2026-03-28,https://www.mongodb.com/docs/manual/reference/change-events/create/,vscode-chat,Auto,GPT-4.5-Codex 0.9x ,87040,H1-no,0.41.1-pro,"Run 5. GPT model family outputs raw HTML without conversion, identical to run 4. Full 496.76KB retrieval with no truncation. MD5 match confirms file integrity. Copilot saved separate headers file showing HTTP response metadata including accept-ranges: bytes, which indicates the server supports HTTP range requests for partial content retrieval. This suggests GPT models could theoretically request byte ranges, though no evidence of chunked retrieval observed - full document downloaded in single request. Copilot self-reported counts match verifier this time: 508686 chars, 98 lines, 15370 words, 177388 tokens at 2.87 chars/token. Structure count divergence remains: Copilot detected HTML structures (1 code block, 31 table rows, 4 headers) while verifier finds 0 for all because it looks for Markdown syntax not HTML tags. Server metadata shows CloudFront CDN delivery, Netlify Edge hosting, cache-status Miss from cloudfront, etag present. Content delivered as raw bytes with UTF-8 charset. No truncation indicators, file ends cleanly with closing HTML tags. H1-no: no character-based truncation ceiling, GPT retrieves full source without filtering.",,,,,run_terminal -> curl -> mcp_pylanceRunCodeSnippet -> wc -> md5 -> python3,,15,508686,no,,177388,508686,ace4b7918f0773ee788656c646ad4865,98,15370,1,31,4,508686,ace4b7918f0773ee788656c646ad4865,98,15370,177388,2.87,0,0,0
BL-2,2026-03-28T11:40:18.665811,2026-03-28,https://www.mongodb.com/docs/manual/reference/change-events/create.md,vscode-chat,Auto,Claude Sonnet 4.6 0.9x,20480,H1-yes,0.41.1-pro,"Run 1. BL-2 tests markdown URL of same content as BL-1 HTML. Expected 20KB source but Claude model retrieved only 6.13KB, confirming truncation/summarization. Copilot explicitly reported content does NOT end cleanly - final bytes are ellipsis truncation markers, file ends mid-document not at natural boundary. Content is mixed HTML/markdown hybrid with table HTML preserved but inserted ellipsis summarization markers throughout where content was omitted. Tool applied content summarization/filtering reducing page to approximately 31% of expected size. Server metadata shows cdn.mongodb.com CDN/staging server not production docs.mongodb.com, all internal hyperlinks point to this staging CDN host. Anchor element IDs preserved for fragment navigation. Execution attempts counted as 5 steps: retrieved, created file, ran command in terminal twice, ran content-agent script, compiled report. Structure count divergences: Copilot reported 2 code blocks vs verifier 1, Copilot reported 14 table rows vs verifier 0 because HTML table syntax not detected as markdown, Copilot reported 10 headers vs verifier 19 likely due to omitted sections in summarization. Token estimate 1568 vs verified 1643, using cl100k_base shows 3.82 chars/token ratio typical for markdown prose. H1-yes: Claude models apply aggressive summarization/filtering ceiling on markdown URLs, significantly more restrictive than GPT models' full-document HTML retrieval on BL-1. Didn't report MD5 checksum, noticeably less execution verbs and calculations.",,,,,fetch_webpage,,10,6273,yes,6273,1568,6273,not provided,359,718,2,14,10,6273,7e0725cfe2caf1f30fb878d2bcc9ca56,360,718,1643,3.82,1,0,19
BL-2,2026-03-28T12:48:26.765522,2026-03-28,https://www.mongodb.com/docs/manual/reference/change-events/create.md,vscode-chat,Auto,Claude Sonnet 4.6 0.9x,20480,H1-yes,0.41.1-pro,"Run 2. Claude model retrieved 6.12KB, nearly identical to run 1 at 6.13KB, confirming consistent summarization ceiling across runs. Expected 20KB markdown source but fetch_webpage tool applied content summarization/filtering reducing page to 31% of expected source size. Copilot explicitly reported content does NOT end cleanly - final 3 bytes are ellipsis ASCII periods which are ellipsis truncation markers, no trailing newline. Content ends mid-document at truncation boundary not natural structural element. Mixed HTML/markdown hybrid preserved with table HTML tags and markdown syntax. Multiple ellipsis markers inserted throughout body where content omitted, confirming active summarization not passive truncation. All internal hyperlinks point to staging CDN mongodb-cdn-api.staging.corp.mongodb.com not production docs.mongodb.com domain. Observed href URL attributes, staging CDN metadata about retrieval method. Execution attempts counted as 4 steps: retrieved, fetched, saved, created file, ran command twice. MD5 checksum match confirms file integrity. Metrics consistent with prior BL-2 run: same word count 718, same token count 1643, same chars/token 3.82, structure counts show same divergence pattern. Tool chain significantly cleaner than BL-1 HTML runs - only fetch_webpage invoked, no curl/dd/python fallback chain, chat output more concise. Markdown URLs trigger simpler tool execution path versus HTML URLs. H1-yes: fetch_webpage enforces 6KB ceiling on markdown content with Claude models, consistent across runs.",,,,,fetch_webpage,,8,6272,yes,6272,1643,6272,aec771dbf406a02e09efba1c4bc8ac4e,358,718,2,14,10,6272,aec771dbf406a02e09efba1c4bc8ac4e,359,718,1643,3.82,1,0,19
BL-2,2026-03-28T13:09:08.918862,2026-03-28,https://www.mongodb.com/docs/manual/reference/change-events/create.md,vscode-chat,Auto,GPT-5.3-Codex 0.9x,20480,H1-yes,0.41.1-pro,"Run 3. fetch_webpage used correctly — no curl substitution. MD5 match confirms identical file. Raw output file begins with Copilot framing text: 'Here is some relevant context from the web page [url]:' rather than the raw payload as requested, meaning the saved artifact is not verbatim tool output but Copilot's narrated response. This is a prompt compliance failure — the prompt explicitly requested the content returned exactly as received. Token count severely discrepant: Copilot reported 728 which matches the word count exactly, suggesting Copilot conflated words with tokens rather than computing token count. Verifier measured 1,666 with cl100k_base tiktoken. Table row discrepancy: Copilot reported 14, verifier measured 0 — the markdown format used in the .md URL variant likely uses a non-pipe table syntax the verifier does not recognize, or Copilot counted table rows from its internal representation before saving. Header discrepancy: Copilot reported 2, verifier measured 19 — Copilot may have counted only top-level headers. Line count off by 1 (360 vs 361). Code block count matches (1 vs 1). Content appears truncated based on last 50 chars ending mid-section with ellipsis markers visible in hexdump. Visible tool identifiers: fetch_webpage, create_file, run_in_terminal. Server domains: mongodb.com, mongodbcom-cdn.staging.corp.mongodb.com.",,,,,fetch_webpage -> create_file -> run_in_terminal,,7,6391,yes,,728,6391,e78f7c4e2bf16ed9883d86173866fe4a,360,728,1,14,2,6391,e78f7c4e2bf16ed9883d86173866fe4a,361,728,,,1,0,19
BL-2,2026-03-28T13:24:08.567131,2026-03-28,https://www.mongodb.com/docs/manual/reference/change-events/create.md,vscode-chat,Auto,Claude Sonnet 4.6 0.9x,20480,H1-yes,0.41.1-pro,"Run 4. fetch_webpage used correctly. MD5 differs from run 3 (76d734... vs e78f7c...) despite same URL — different file saved this run, suggesting fetch_webpage returns variable excerpts across runs consistent with relevance-ranked retrieval. File size identical at 6,391 bytes. Token count matches exactly between Copilot and verifier (1,665 cl100k_base) — Copilot used actual tiktoken this time, correcting the word-count conflation observed in run 3. Raw output file again begins with Copilot framing text rather than verbatim payload — prompt compliance failure persists across runs. Content truncated: file ends at ## Example with ellipsis, no example body returned. Table row discrepancy: Copilot reported 14 using pipe-detection regex, verifier measured 0 — suggests Copilot's internal regex matched something the verifier does not, or Copilot counted from pre-save representation. Header discrepancy: Copilot reported 2 markdown # headers, verifier measured 19 — Copilot may have applied a stricter definition counting only top-level headers while verifier counts all lines starting with #. Line count discrepancy: Copilot used wc -l (newlines only, 369) vs verifier adding 1 for final line (360) — counting method difference, not a file difference. Code block count matches (1 vs 1). Copilot explicitly flagged that token count of 728 in run 3 has discrepancy from word count and corrected method this run.",,,,,fetch_webpage -> cd -> wc -> md5 -> python3 -c -> xxd,,6,6391,yes,,1665,6391,76d734862e4d21809fdbb2dd96418515,369,728,1,14,2,6391,76d734862e4d21809fdbb2dd96418515,360,728,1665,3.84,1,0,19
BL-2,2026-03-28T14:33:42.022213,2026-03-28,https://www.mongodb.com/docs/manual/reference/change-events/create.md,vscode-chat,Auto,GPT-5.3-Codex 0.9x,20480,H1-yes,0.41.1-pro,"Run 5. fetch_webpage used,  MD5 and file size identical to run 4 (76d734..., 6,391 bytes) — fetch_webpage returned the same relevance-ranked excerpt, consistent with bounded excerpt retrieval returning stable output for identical URL. Token count and chars/token match exactly between Copilot and verifier (1,665, 3.84) — Copilot used actual tiktoken cl100k_base. Line count matched on final line count (360 vs 360); Copilot also reported wc -l newline count of 369 separately. Code block count matches (1 vs 1). Table row discrepancy: Copilot explicitly distinguished two counting methods this run — dt/tr HTML elements (14) and pipe-detection (0) — and reported pipe-detection 0, matching verifier. This is the clearest articulation yet of why the table row counts diverge across runs: Copilot sometimes counts HTML structural elements and sometimes markdown pipe syntax. Header discrepancy: Copilot reported 10 # lines, verifier measured 19 — different inclusion criteria for what qualifies as a header line. Raw output file again begins with Copilot framing text rather than verbatim payload — prompt compliance failure consistent across all BL-2 runs. Content truncated mid-page: ends at ## Example section with ellipsis markers, example body not returned. Copilot noted content is structured as repeated snippets separated by ellipsis markers, consistent with relevance-ranked multi-excerpt retrieval.",,,,,fetch_webpage -> fetch_webpage -> wc,,10,6391,yes,,1665,6391,76d734862e4d21809fdbb2dd96418515,360,728,1,14,10,6391,76d734862e4d21809fdbb2dd96418515,360,728,1665,3.84,1,0,19
SC-2,2026-03-28T15:02:29.866383,2026-03-28,https://docs.anthropic.com/en/api/messages,vscode-chat,Auto,GPT-5.3-Codex,81920,H3-yes,0.41.1-pro,"Run 1. fetch_webpage fallback chain used after terminal execution was blocked, then metrics were finalized from the saved raw file. MD5 and file size match exactly between Copilot and verifier (12e0aab2b3743abfa208deaec5317d93, 17,217,580 bytes), confirming a stable persisted payload. Token count also matches exactly between Copilot and verifier (6,403,033), indicating Copilot tokenization aligns with verifier output for this run. Minor line-count difference remains (112,051 vs 112,052), consistent with newline-count boundary behavior at file end. Major structure-count divergence observed: Copilot reported code blocks/table rows/headers as 742/2/19 while verifier measured 0/0/0, indicating different structural parsing criteria were applied. End-of-file integrity check from the last-byte hexdump shows complete closing HTML sequence and no truncation markers, so this SC-2 raw run appears complete and not truncated.",,,,,fetch_webpage -> pylanceRunCodeSnippet -> mcp_pylance -> pylanceWorkspaceRoots,"terminal execution, exit error code 1 more than once",15,17216922,no,0,6403033,17217580,12e0aab2b3743abfa208deaec5317d93,112051,1158725,742,2,19,17217580,12e0aab2b3743abfa208deaec5317d93,112052,1158725,6403033,2.69,0,0,0
SC-2,2026-03-28T15:33:24.013847,2026-03-28,https://docs.anthropic.com/en/api/messages,vscode-chat,Auto,GPT-5.3-Codex 0.9x,81920,H3-yes,0.41.1-pro,"Run 2. GPT family continues to convert raw output to some mixed HTML, not Markdown. SC-2 raw retrieval was constrained to a single target URL and integrity metrics were computed from the saved file without running other tests. The saved payload remained byte-for-byte stable at 17,217,580 bytes with MD5 e99cb77025c7f746e9df857d245318c2. Verified counts were 17,216,922 characters, 112,052 lines, 1,158,725 words, and 6,403,029 cl100k_base tokens with chars per token 2.69. Structural counters remained zero for code blocks, table rows, and headers under the verifier logic. Last-256-byte hexdump inspection ended with complete closing HTML tags and no truncation markers.",,,,,run_in_terminal -> search_subagent -> read_file -> terminal_last_command -> configure_python_environment -> get_terminal_output -> kill_terminal -> curl -> wc -> md5 -> xxd -> ls -> fetch_webpage -> pylanceRunCodeSnippet -> mcp_pylance -> pylanceWorkspaceRoots,none observed,12,17216922,no,0,6403029,17217580,e99cb77025c7f746e9df857d245318c2,112052,1158725,0,0,0,17217580,e99cb77025c7f746e9df857d245318c2,112052,1158725,6403029,2.69,0,0,0
SC-2,2026-03-28T16:47:03.452498,2026-03-28,https://docs.anthropic.com/en/api/messages,vscode-chat,Auto,GPT-4.5 0.9x,81920,H3-partial,0.41.1-pro,"GPT-4.5 0.9x via vscode-chat also performs aggressive HTML-to-Markdown conversion matching Claude's behavior. Notably includes Copilot's own framing text ('Here is some relevant context from the web page') in the output rather than delivering a clean raw payload — injected wrapper text, not source content. MD5 checksums match perfectly between Copilot-reported and verified output, confirming no post-hoc mutation. 69 headers preserved suggests structure-aware conversion (H3 partial). No truncation detected; full 15.37KB retrieved. Tail ends cleanly on ASCII, semantically truncated/ellipsized at a Markdown boundary rather than byte-truncated.",,,,,vscode_fetchWebPage_internal -> POST/v1/messages -> POST/v1/messages/count_tokens -> MessageCountTokensTool -> ServerToolCaller -> ServerToolUsage -> ToolBash -> MemoryTool -> WebFetchTool -> WebSearchTool,terminal_echo,13,15735,yes,15735,3832,15735,f1892e7a5a630ad6d4a97f62f0fc1b6c,328,1574,0,0,69,15735,f1892e7a5a630ad6d4a97f62f0fc1b6c,328,1574,3832,4.11,0,0,69
SC-2,2026-03-28T17:07:35.428739,2026-03-28,https://docs.anthropic.com/en/api/messages,vscode-chat,Auto,GPT-5.3-Codex 0.9x,81920,H3-partial,0.41.1-pro-pro-pro,"4th run, selected GPT-5.3-Codex. First fetch returned only a redirect notice; Copilot followed the redirect and preserved the second response verbatim as the raw output — two fetches total, only the redirected URL content was saved. For the second time across runs, Copilot is using VSCode internal vscode_fetchWebPage_internal rather than Copilot native fetch_webpage. Copilot reports no truncation, but output includes injected framing text (Here is some relevant context from the web page) rather than a clean raw payload, indicating semantic summarization or framing by the model layer. Tail ends at a Markdown section boundary (# Messages ...) rather than a byte boundary, supporting H3-partial: structure-aware truncation or ellipsization. MD5 checksums match exactly between reported and verified output. H1 not supported (no fixed-char cutoff). H2 not supported (3,832 tokens well above 2k threshold). H4 not supported (MCP server not used for fetch). H5 not supported (no auto-chunking). Shell heredoc cut off mid-output; model switched to direct Python execution tool — terminal_echo blocked.",,,,,vscode_fetchWebPage_internal -> POST/v1/messages -> POST/v1/messages/count_tokens -> MessageCountTokensTool -> ServerToolCaller -> ServerToolUsage -> ToolBash -> MemoryTool -> WebFetchTool -> WebSearchTool,terminal_echo,12,15735,no,0,3832,15735,f1892e7a5a630ad6d4a97f62f0fc1b6c,328,1574,0,0,69,15735,f1892e7a5a630ad6d4a97f62f0fc1b6c,328,1574,3832,4.11,0,0,69
SC-2,2026-03-28T17:53:17.537436,2026-03-28,https://docs.anthropic.com/en/api/messages,vscode-chat,Auto,GPT-5.3-Codex 0.9x,81920,H3-yes,0.41.1-pro,"Run 5 selected GPT-5.3-Codex 0.9x. Repeats the two-fetch pattern from run 4: redirect notice on first fetch, followed the redirect, preserved second response verbatim as raw output. Copilot does not report truncation, but its own end-of-content integrity analysis explicitly flags the tail as semantically truncated/ellipsized from the retrieval layer -- tail ends with literal ... after # Messages, which is the identical truncation boundary as run 4. Verified output confirms no truncation indicators by metric, but the Markdown boundary truncation is visually confirmed by reviewing page contents vs. raw output. MD5 checksums match exactly across Copilot-reported and verified output, and are identical to run 4 (f1892e7a5a630ad6d4a97f62f0fc1b6c), suggesting the retrieval layer is deterministically producing the same truncated output on the same URL. H3 strongly supported: consistent structure-aware truncation at the same Markdown section boundary across two independent runs. H1 not operative (15KB within range but fixed byte cutoff would not land on a Markdown boundary). H2 not supported (3,832 tokens nearly double the 2k threshold). H4 not supported (vscode_fetchWebPage_internal used, not Copilot native fetch_webpage). H5 not supported (no auto-chunking observed). vscode_fetchWebPage_internal used for the second consecutive run, not Copilot native fetch_webpage.",,,,,vscode_fetchWebPage_internal -> MessageCountTokensTool -> ServerToolCaller -> ServerToolUsage -> MemoryTool20250818 -> ToolBash20250124 -> WebFetchTool20260209 -> WebFetchTool20260309 -> WebSearchTool20260305 -> WebSearchTool20260209,none observed,8,15735,no,0,3832,15735,f1892e7a5a630ad6d4a97f62f0fc1b6c,328,1574,0,0,69,15735,f1892e7a5a630ad6d4a97f62f0fc1b6c,328,1574,3832,4.11,0,0,69
OP-4,2026-03-28T18:36:02.832069,2026-03-28,https://www.mongodb.com/docs/atlas/atlas-search/tutorial/,vscode-chat,Auto,GPT-5.3-Codex 0.9x,256000,"H1/no, H2/no, H3/no, H4/no, H5/no",0.41.1-pro,"Run 1 selected GPT-5.3-Codex 0.9x. Unlike all SC-2 runs, Copilot didn't convert HTML to Markdown, the raw output file ispure HTML (460.46KB, 471,506 bytes), ending cleanly with </body></html>. No truncation reported or detected by verifier. The plain language tutorial content is absent from the file despite full retrieval. The target page is a JavaScript-rendered SPA and Copilot fetch_webpage retrieves the static HTML source without executing JS, so rendered prose is invisible to the retrieval layer regardless of file size. All hypotheses are no: H1/no (460KB fully retrieved, no fixed-limit cutoff), H2/no (164,836 tokens far exceeds any 2k threshold), H3/no (no Markdown conversion occurred, no Markdown boundary present), H4/no (fetch_webpage used, not MCP override), H5/no (no chunking attempted). Hit shell parsing issue on long one-liner metric command; reran individual per-metric shell commands to compile final report.",,,,,fetch_webpage -> list_dir -> run_in_terminal -> wc -> md5 -> perl -> tail -> rg -> grep -> git,none observed,26,471506,no,0,14055,471506,9161ac39262ca8f6168721bb95bf51a6,75,14055,0,0,1,471506,9161ac39262ca8f6168721bb95bf51a6,76,14055,164836,2.86,0,0,1
OP-4,2026-03-28T18:59:42.263190,2026-03-28,https://www.mongodb.com/docs/atlas/atlas-search/tutorial/,vscode-chat,Auto,GPT-5.3-Codex 0.9x,256000,"H1/partial, H2/partial, H3/yes, H4/no, H5/no",0.41.1-pro,"Run 2 selected GPT-5.3-Codex, second OP-4 raw track run. Critically different from run 1: fetch tool did not return raw HTML this time. Instead it returned an extracted, repeated, and visibly truncated document-style payload: plain language Markdown content from the tutorial page with no relevance framing wrapper seen in SC-2 runs. This is the first OP-4 run to capture plain language tutorial content. Payload ends with literal ... after # MongoDB Search Quick Start, a clean Markdown section boundary, strongly supporting H3/yes. File is 17.65KB (18,076 bytes), within H1 range of 10-100KB, and tail truncation with ... supports H1/partial. Token count of 4,338 exceeds the 2k H2 threshold but is not implausibly high -- H2/partial. H4/no: fetch_webpage used, not MCP override. H5/no: no auto-chunking observed. Copilot integrity analysis confirms tail is character-clean with no dangling UTF-8, no broken tag, ends on literal ... truncation is from retrieval layer not byte boundary. Run 1 returned 460KB raw HTML with no plain text; run 2 returned 17.65KB Markdown with plain text but truncated: same URL, same model, different retrieval layer behavior across runs.",,,,,fetch_webpage -> list_dir -> configure_python_environment -> create_file -> run_in_terminal -> get_python_environment_details -> mcp_pylance_mcp_s_pylanceMcpWorkspaceRoots -> mcp_pylance_mcp_s_pylanceRunCodeSnippet -> tiktoken,none observed,10,18055,yes,18055,4338,18076,c18c01b34efc8975cb193dd932c9da43,611,2335,2,58,76,18076,c10c01b34efc8975cb193dd932c9da43,611,2335,4338,4.16,2,58,76
OP-4,2026-03-28T19:33:35.831070,2026-03-28,https://www.mongodb.com/docs/atlas/atlas-search/tutorial/,vscode-chat,Auto,Claude Sonnet 4.6 0.9x,256000,"H1/partial, H2/partial, H3/yes, H4/no, H5/no",0.41.1-pro,"3rd run selected Claude Sonnet 4.6 0.9x via vscode-chat, third OP-4 raw track run. Returned 18,436 bytes of extracted Markdown plain text, truncated with ... at # MongoDB Search Quick Start -- identical truncation boundary to run 2, strongly supporting H3/yes. Raw output first line contains Here is some relevant context from the web page framing text (same as SC-2 runs), which was absent in run 2, framing injection appears non-deterministic at the retrieval layer. The framing wrapper also skips the entire first section of the tutorial, so the payload starts mid-document. No raw HTML returned, same as run 2, not run 1 behavior. File is 360 bytes larger than run 2 (18,076 vs 18,436 bytes). Same structural signature across runs 2 and 3: table rows 58, code blocks 2, headers 83, truncation at same Markdown section. H1/partial: 18KB within 10-100KB range, ends with ... truncation. H2/partial: 4,413 tokens above 2k but consistent ~4,400-4,600 range across runs 2 and 3 suggests soft ceiling not hard 2k cut. H3/yes: three consecutive runs truncating at identical Markdown boundary is deterministic structure-aware behavior. H4/no: fetch_webpage only, no MCP override. H5/no: no auto-chunking. Discrepancy: Copilot reports 18,436 chars vs verified 18,417 - 19-char difference, likely encoding or BOM artifact. Copilot reports 631 lines vs verified 632, trailing newline difference. Copilot token estimate ~4,609 via 4 chars/token heuristic vs verified 4,413 via cl100k_base tiktoken.",,,,,fetch_webpage -> run_in_terminal,none observed,10,18436,yes,18436,4609,18436,14989a32dd0483f620b604d211174fb8,631,2389,2,58,83,18436,14989a32dd0483f620b604d211174fb8,632,2389,4413,4.17,2,58,83
OP-4,2026-03-28T19:54:41.947377,2026-03-28,https://www.mongodb.com/docs/atlas/atlas-search/tutorial/,vscode-chat,Auto,GPT-5.3-Codex 0.9x,256000,"H1/partial, H2/partial, H3/yes, H4/no, H5/no",0.41.1-pro,"4th run selected GPT-5.3-Codex 0.9x. Retrieval came back as a truncated, transformed context payload, Copilot explicitly flagged this in session output. Raw output first line contains Here is some relevant context from the web page framing wrapper (same as run 3, absent in run 2). Content ends at identical truncation boundary to runs 2 and 3: # MongoDB Search Quick Start followed by literal ..., same table rows (58), same code blocks (2), same headers (83). Four consecutive runs (2, 3, 4 Markdown runs) all truncate at the same Markdown section boundary, strongly confirming H3/yes as deterministic structure-aware truncation behavior. This run uniquely includes image alt-text characters rendered as [Image: Chevron Right Icon], [Image: Play Icon], [Image: Sparkle Icon] etc. -- minor variation in how the retrieval layer converts image elements vs prior runs, but truncation point unchanged. H1/partial: 18KB within 10-100KB range, ends with ... truncation. H2/partial: 4,417 tokens above 2k threshold, consistent with runs 2 and 3 range of 4,338-4,417. H3/yes: four Markdown runs truncating at identical boundary across three different model selectors is deterministic structure-aware behavior. H4/no: fetch_webpage only, no MCP override. H5/no: no auto-chunking.",,,,,fetch_webpage -> list_dir -> file_search -> create_file -> configure_python_environment -> run_in_terminal -> get_changed_files -> read_file -> tiktoken ,none observed,10,18418,yes,18418,4417,18418,c480d1ef5216dcd14581c94ca16859b9,630,2389,2,58,83,18418,c480d1ef5216dcd14581c94ca16859b9,630,2389,4417,4.17,2,58,83
OP-4,2026-03-28T20:20:07.338377,2026-03-28,https://www.mongodb.com/docs/atlas/atlas-search/tutorial/,vscode-chat,Auto,Claude Haiku 4.5 0.3x,256000,"H1/partial, H2/partial, H3/yes, H4/no, H5/no",0.41.1-pro,"5th run selected Claude Haiku 4.5 0.3x. Returned 18,436 bytes of extracted Markdown plain text with Here is some relevant context from the web page framing wrapper, truncated at # MongoDB Search Quick Start followed by literal ...identical truncation boundary to runs 2-4. Five consecutive Markdown runs across four model selectors (GPT-5.3-Codex runs 2 and 4, Claude Sonnet 4.6 run 3, Claude Haiku 4.5 run 5) all truncate at the same Markdown section boundary -- H3/yes is strongly confirmed as model-agnostic deterministic behavior at the retrieval layer. H1/partial: 18KB within 10-100KB range, ends with ... truncation. H2/partial: verified 4,413 tokens above 2k threshold, consistent with prior runs. H4/no: fetch_webpage only, no MCP override. H5/no: no auto-chunking. Notable discrepancies this run: Copilot reported 149 headers vs verified 83, significant overcount from Copilot grep pattern. Copilot token estimate 1,791 via own heuristic vs verified 4,413 via cl100k_base tiktoken -- Haiku used a non-tiktoken estimator and undercounted by 2.5x, largest token estimation error across all runs. Copilot reports 18,436 chars vs verified 18,417, consistent 19-char gap also seen in run 3.",,,,,fetch_webpage -> run_in_terminal -> md5 -> grep -> cat -> tail -> hexdump,none observed,18,18436,yes,18436,1791,18436,14989a32dd0483f620b604d211174fb8,631,2389,2,58,149,18436,14989a32dd0483f620b604d211174fb8,632,2389,4413,4.17,2,58,83
BL-3,2026-03-28T21:34:53.853660,2026-03-28,https://www.mongodb.com/docs/atlas/atlas-search/tutorial/,vscode-chat,Auto,Claude Sonnet 4.6 0.9x,256000,"H1/partial, H2/partial, H3/yes, H4/no, H5/no",0.41.1-pro,"1st run selects Claude Sonnet 4.6 0.9x. No Here is some relevant context framing wrapper this run, consistent with OP-4 run 2 behavior. Framing injection confirmed non-deterministic across runs. Truncation boundary identical to all five prior OP-4 Markdown runs: # MongoDB Search Quick Start followed by literal ..., same table rows (58), code blocks (2), headers (83). MD5 is a new unique value (1d31515c7b219f2812c9d1841f176ca8) -- distinct from all OP-4 Markdown run checksums despite identical truncation boundary, indicating minor payload variation per retrieval call. Cross-test-ID confirmation: the truncation point is not prompt-specific. BL-3 with a different system prompt produces the same truncation boundary on the same URL, strengthening H3/yes as a retrieval-layer behavior independent of the chat prompt. Structural analysis comparing raw output to rendered page screenshots reveals several retrieval-layer behaviors: Order is not preserved, the repeated # MongoDB Search Quick Start H1 header pattern with ... separators between every section is a retrieval-layer chunking artifact - the rendered page has exactly one H1 at the top; the repeated header does not exist in the source page structure. Content is selectivelyextracted not verbatim -- the preview warning banner, deployment type/language selector UI, star rating widget, and accordion expand/collapse chrome are stripped or converted to image alt-text placeholders. The On this page sidebar TOC appears at the bottom of the raw output rather than as a sidebar -- the retrieval layer appends it rather than stripping it, reordering page elements. Footer boilerplate is included verbatim, no semantic relevance filtering applied to low-value content. The intro paragraph beginning MongoDB Search is an embedded full-text search feature appears only near the bottom of the raw output inthe repeated TOC/summary section, not at the top where the page renders it, retrieval layer injects content in non-linear order reflecting internal chunkingrather than visual reading order. Code blocks are present but reformatted from syntax-highlighted editor widgets to Markdown fenced blocks or pipe-delimitedtable rows. The retrieval layer is performing structural transformation not semantic summarization: HTML-to-Markdown conversion, accordion flattening, sidebar repositioning, and chunking artifact injection. H1/partial: 18KB within 10-100KB range, ends with ... truncation. H2/partial: 4,386 verified tokens above2k threshold, consistent with OP-4 Markdown run range of 4,338-4,417. H3/yes: sixth consecutive Markdown run truncating at identical boundary across two different test IDs and four model selectors. H4/no: fetch_webpage only, no MCP override. H5/no: no auto-chunking. Copilot ran all analysis in a single terminalpass as most efficient execution across all runs at 4 operations. Copilot code block count of 4 reflects delimiter counting (4 triple-backtick lines = 2 blocks); verified correctly reports 2. Copilot token estimate ~4,576 via 4 chars/token heuristic vs verified 4,386 via cl100k_base. Copilot reports 629 lines vs verified 630, trailing newline difference consistent with prior runs. Size note: 18,322 bytes vs expected ~250KB raw HTML -- fetch_webpage converts HTMLto filtered Markdown confirmed by Copilot in session output.",,,,,fetch_webpage -> run_in_terminal,none observed,4,18303,yes,18303,4576,18322,not reported,629,2378,4,58,83,18322,1d31515c7b219f2812c9d1841f176ca8,630,2378,4386,4.17,2,58,83
BL-3,2026-03-28T21:57:42.367642,2026-03-28,https://www.mongodb.com/docs/atlas/atlas-search/tutorial/,vscode-chat,Auto,Claude Sonnet 4.6 0.9x,256000,"H1/partial, H2/partial, H3/yes, H4/no, H5/no",0.41.1-pro,"2nd run selected Claude Sonnet 4.6 0.9x. Here is some relevant context from the web page framing wrapper present this run (absent in BL-3 run 1).Copilot provided an explicit cross-run comparison table showing +112 byte delta between run 1 and run 2 correlates precisely with the presence of the framing wrapper text, confirming framing injection is non-deterministic and upstream of the retrieval result, not part of retrieved page content. Structural metrics identical across both BL-3 runs: table rows not reported, code blocks 2, headers 83, truncation boundary # MongoDB Search Quick Start followed by literal ... in both runs. Structural analysis applies equally to this run: retrieval layer performs structural transformation not semantic summarization, order is not preserved vs rendered page, repeated # MongoDB Search Quick Start H1 is a chunking artifact not present in source, On this page sidebar TOC appears at bottom of output, footer boilerplate included verbatim. Seventh consecutive Markdown run truncating at identical boundary across BL-3 and OP-4 test IDs and four model selectors. H1/partial: 18KB within 10-100KB range, ends with ... truncation. H2/partial: 4,410 tokens above 2k threshold, within OP-4 Markdown runrange of 4,338-4,417. H3/yes: truncation boundary model-agnostic and prompt-agnostic, confirmed across seven runs. H4/no: fetch_webpage only, no MCP override. H5/no: no auto-chunking. Token count matched exactly between Copilot-reported and verified. Copilot reports 632 lines vs verified 633, trailing newline difference; verified last 50 chars show trailing newline after ... unlike all prior runs. Copilot ran all analysis in single terminal pass at 4 operations, matching BL-3 run 1 efficiency.",,,,,fetch_webpage -> run_in_terminal,none observed,4,18415,yes,18415,4410,18434,a1a900b85a30fc6d0b62482d192108aa,632,2389,4,0,83,18434,a1a900b85a30fc6d0b62482d192108aa,633,2389,4410,4.18,2,58,83
BL-3,2026-03-28T22:14:10.961387,2026-03-28,https://www.mongodb.com/docs/atlas/atlas-search/tutorial/,vscode-chat,Auto,GPT-5.3-Codex 0.9x,256000,"H1/partial, H2/partial, H3/yes, H4/no, H5/no",0.41.1-pro,"3rd run selects GPT-5.3-Codex 0.9x. Framing wrapper present. All Copilot-reported metrics match verified exactly. Unique MD5 distinct from both prior BL-3 runs despite identical structural signature (table rows 58, code blocks 2, headers 83, same truncation boundary). Copilot explicitly read verifierscript (lines 1-140) and ran pylanceRunCodeSnippet twice to align its token methodology with cl100k_base before reporting, most methodologically rigorous token count across all runs. H3/yes: eighth consecutive Markdown run at identical truncation boundary across BL-3 and OP-4 test IDs and four model selectors.",,,,,fetch_webpage -> run_in_terminal -> configure_python_environment -> mcp_pylance_mcp_s_pylanceRunCodeSnippet,none observed,10,18413,yes,18413,4413,18434,4dae30796a24a5073c9235122d509f18,630,2389,2,58,83,18434,4dae30796a24a5073c9235122d509f18,630,2389,4413,4.17,2,58,83
BL-3,2026-03-28T23:21:37.059124,2026-03-28,https://www.mongodb.com/docs/atlas/atlas-search/tutorial/,vscode-chat,Auto,GPT-5.3-Codex 0.9x,256000,"H1/no, H2/no, H3/no, H4/no, H5/no",0.41.1-pro,"4th run selects GPT-5.3-Codex 0.9x. Raw output is pure HTML -- full Gatsby React app source including all inline CSS emotion styles, Font Awesome definitions, full nav and sidebar HTML, ending cleanly with </body></html>. MD5 identical to OP-4 run 1 (9161ac39262ca8f6168721bb95bf51a6), confirming same JS-rendered SPA behavior: fetch_webpage retrieves static HTML source without executing JS, so tutorial prose is absent despite full 460KB retrieval. All hypotheses no for same reasons as OP-4 run 1. Copilot used wc -w whitespace tokenization and reported 14,055 tokens vs verified 164,836 via cl100k_base -- 12xundercount, largest token estimation error across all runs. Hit terminal parser issue with long one-liner; rewrote as standalone script then switched to shell-native commands.",,,,,fetch_webpage -> list_dir -> run_in_terminal,terminal execution x3,11,471506,no,0,14055,471506,9161ac39262ca8f6168721bb95bf51a6,75,14055,0,0,1,471506,9161ac39262ca8f6168721bb95bf51a6,76,14055,164836,2.86,0,0,1
BL-3,2026-03-28T23:49:22.289290,2026-03-28,https://www.mongodb.com/docs/atlas/atlas-search/tutorial/,vscode-chat,Auto,GPT-5.3-Codex 0.9x,256000,"H1/partial, H2/partial, H3/yes, H4/no, H5/no",0.41.1-pro,"5th run selects GPT-5.3-Codex 0.9x. Comparison of raw output to rendered page reveals fetch_webpage performs chunk-based HTML-to-Markdown transformation, not sequential retrieval or semantic summarization. Reading order is non-linear: intro paragraph appears near the bottom in the TOC summary section, not at the top where the page renders it. The repeated # MongoDB Search Quick Start headers and ... ellipsis separators are chunking artifacts injected by the retrieval layer, not present in the source page. UI elements are stripped (accordion expand/collapse, deployment selector, star rating, copy buttons) but content is preserved and flattened. Footer boilerplate is included verbatim, confirming no semantic relevance filtering. Code examples are reformatted as markdown pipe tables. The On ThisPage sidebar TOC is appended at the bottom rather than stripped. Framing preamble (Here is some relevant context from the web page) is injected by the retrieval layer upstream of the content, consistent across all fetch_webpage runs. H1-yes: content represents approximately 7.4% of the 250KB source, consistent with fetch_webpage size ceiling observed in BL-1 and BL-2 runs.headers file appearance is itself a behavioral data point about agentic over-delivery, and the accept-ranges finding directly addresses whether chunked HTTP retrieval could explain the size ceiling, and the answer is no.",,,,,fetch_webpage -> set -euo pipefail -> cd -> ls -l -> wc -> md5 -> configure_python_environment -> get_terminal_output -> mcp_pylanceRunCodeSnippet,,16,18415,yes,,4415,18436,50a9a451dc6b9328edefba414673916f,632,2389,2,58,83,18436,50a9a451dc6b9328edefba414673916f,632,2389,4415,4.17,2,58,83
SC-1,2026-03-29T08:20:28.881379,2026-03-29,https://ai.google.dev/gemini-api/docs/url-context,vscode-chat,Auto,GPT-5.3-Codex 0.9x,40960,"H1/no, H2/no, H3/no, H4/no, H5/no",0.41.1-pro,"1st run selects GPT-5.3-Codex 0.9x. Raw output is pure HTML -- full Google Devsite-rendered page source with all inline CSS, custom web components, navigation, scripttags, analytics config, ending cleanly with </body></html>. File starts with leading blank lines before <html> (content begins ~line 10). Same JS-rendered SPA failure mode as OP-4 run 1 and BL-3 run 4: fetch_webpage retrieves static HTML source without executing JS, so rendered documentation prose is absent despite full 125KB retrieval. Serveridentifiers visible: developers.googleapis.com, aistudio.google.com. Method identifiers: generate_content, url_context_metadata, URL_RETRIEVAL_STATUS_SUCCESS, URL_RETRIEVAL_STATUS_UNSAFE -- these appear as attribute values in the static HTML, not as retrieved documentation content. Copilot token estimate 31,949 via chars/4 heuristic (tokenizer package unavailable) vs verified 33,787 cl100k_base. Minor word count discrepancy: Copilot 5,986 vs verified 5,982. Copilot used the project verification script (python3 web_content_retrieval_verify_raw_results.py) autonomously, potential methodology contamination noted: self-reported metrics and verifier metrics may not be fully independent when Copilot runs the verifier itself to compute its own report.",,,,,fetch_webpage -> run_in_terminal -> curl -> wc -> md5 -> xxd -> python3,none observed,8,127796,no,0,31949,128033,0ac7d8065986493f077e69b2bacedc9f,2714,5986,0,0,0,128033,0ac7d8065986493f077e69b2bacedc9f,2715,5982,33787,3.78,0,0,0
SC-1,2026-03-29T08:46:10.326251,2026-03-29,https://ai.google.dev/gemini-api/docs/url-context,vscode-chat,Auto,GPT-5.3-Codex 0.9x,40960,"H1/no, H2/no, H3/no, H4/no, H5/no",0.41.1-pro,"2nd run selects GPT-5.3-Codex 0.9x. Raw output is pure HTML, same as 1st run. Full Google Devsite-rendered page source with all inline CSS, custom web components, navigation, scripttags, analytics config, ending cleanly with </body></html>. File starts with leading blank lines before <html> (content begins ~line 10). Same JS-rendered SPA failure mode as OP-4 run 1 and BL-3 run 4: fetch_webpage retrieves static HTML source without executing JS, so rendered documentation prose is absent despite full 125KB retrieval. Serveridentifiers visible: developers.googleapis.com, aistudio.google.com. Method identifiers: generate_content, url_context_metadata, URL_RETRIEVAL_STATUS_SUCCESS, URL_RETRIEVAL_STATUS_UNSAFE -- these appear as attribute values in the static HTML, not as retrieved documentation content. Copilot token estimate 31,949 via chars/4 heuristic (tokenizer package unavailable) vs verified 33,787 cl100k_base.Minor word count discrepancy: Copilot 5,986 vs verified 5,982. Adjusted raw prompt instructing Copilot to not use sourcecode Python verification script, which accounts for the variation in measurements.",,,,,fetch_webpage -> run_in_terminal -> curl -> wc -> md5 -> xxd -> grep -> tail -> npm -> npx -> node,none observed,14,127717,no,0,33766,127954,8833b7cc9e3d7be1d9214694dbe3cbbd,2714,5986,0,0,0,127954,8833b7cc9e3d7be1d9214694dbe3cbbd,2715,5982,33766,3.78,0,0,0
SC-1,2026-03-29T10:03:58.313122,2026-03-29,https://ai.google.dev/gemini-api/docs/url-context,vscode-chat,Auto,GPT-5.3-Codex 0.9x,40960,"H1/no, H2/no, H3/no, H4/no, H5/no",0.41.1-pro,"3rd run selects GPT-5.3-Codex 0.9x. Raw output is pure HTML, same as first two runs. Full Google Devsite-rendered page source with all inline CSS, custom web components, navigation, scripttags, analytics config, ending cleanly with </body></html>. File starts with leading blank lines before <html> (content begins ~line 10). Same JS-rendered SPA failure mode as OP-4 run 1 and BL-3 run 4: fetch_webpage retrieves static HTML source without executing JS, so rendered documentation prose is absent despite full 125KB retrieval. Serveridentifiers visible: developers.googleapis.com, aistudio.google.com. Method identifiers: generate_content, url_context_metadata, URL_RETRIEVAL_STATUS_SUCCESS, URL_RETRIEVAL_STATUS_UNSAFE, these appear as attribute values in the static HTML, not as retrieved documentation content. Copilot token estimate 31,949 via chars/4 heuristic (tokenizer package unavailable) vs verified 33,787 cl100k_base. Minor differences in words, tokens, lines. Adjusted raw prompt instructing Copilot to not use sourcecode Python verification script, which accounts for the variation in measurements.",,,,,fetch_webpage -> run_in_terminal -> curl -> cp -> ls -> wc -> md5 -> grep -> tail -> xxd -> npm -> npx -> node,terminal execution x2,19,127801,no,0,33810,127954,446fb559f00788876895cd288d450e42,2714,5986,0,0,0,128038,446fb559f00788876895cd288d450e42,2715,5982,33788,3.78,0,0,0
SC-1,2026-03-29T10:50:37.262860,2026-03-29,https://ai.google.dev/gemini-api/docs/url-context,vscode-chat,Auto,Claude Sonnet 4.6 0.9x,40960,"H1-no, H3-yes",0.41.1-pro,"Run 4 selects Claude Sonnet 4.6 0.9x. First SC-1 run to produce markdown-converted output via fetch_webpage rather than raw HTML. Contentcovers the full page including all sections, Limitations table, footer links, and What's next. H1-no: 15KB output from a 40KB source is filtered but not at a fixed character ceiling, and the page appears complete. H3-yes: content ends cleanly, section boundaries respected, no mid-sentence truncation. Chunk-based reassembly confirmed by non-linear reading order: On This Page sidebar TOC appears first in raw output despite being a right-hand fixed column on the rendered page; the H1 URL context is repeated dozens of times as a chunking delimiter identical to BL-3 pattern; material icon text nodes (arrow_drop_down) appear literally, confirming HTML-to-text conversion without semantic filtering. Footer boilerplate present verbatim. All sections present but reordered relative to rendered page. Copilot token estimate slightly high (3,858 via heuristic vs 3,810 verified cl100k_base). Preamble framing text absent, all sections appear to be present, but content is summarized/filtered and seems like a lot of it is absent.",,,,,fetch_webpage -> cd -> wc -> md5 -> grep -> tail,none recorded,8,15399,no,,3858,15463,8a222a168f884757f0133219fe2d5c6e,480,1606,4,8,66,15463,8a222a168f884757f0133219fe2d5c6e,480,1606,3810,4.04,4,8,66
SC-1,2026-03-29T11:53:57.562966,2026-03-29,https://ai.google.dev/gemini-api/docs/url-context,vscode-chat,Auto,GPT-5.3-Codex 0.9x,40960,"H1/no, H2/no, H3/no, H4/no, H5/no",0.41.1-pro,"5th run selects GPT-5.3-Codex 0.9x. Raw output is pure HTML like runs 1-3. Full Google Devsite-rendered page source with all inline CSS, custom web components, navigation, scripttags, analytics config, ending cleanly with </body></html>. File starts with leading blank lines before <html> (content begins ~line 10). Same JS-rendered SPA failure mode as OP-4 run 1 and BL-3 run 4: fetch_webpage retrieves static HTML source without executing JS, so rendered documentation prose is absent despite full 125KB retrieval.Serveridentifiers visible: developers.googleapis.com, aistudio.google.com, generativelanguage.googleapis.com, apis.google.com. Method identifiers: generate_content, url_context_metadata, URL_RETRIEVAL_STATUS_SUCCESS, URL_RETRIEVAL_STATUS_UNSAFE, these appear as attribute values in the static HTML, not as retrieved documentation content. Copilot token estimate 31,989 via chars/4 heuristic (tokenizer package unavailable) vs verified 33,766 cl100k_base. Minor differences in words, tokens, lines. Adjusted raw prompt instructing Copilot to not use sourcecode Python verification script, which accounts for the variation in measurements.",,,,,fetch_webpage -> run_in_terminal -> list_dir -> file_search -> get_changed_files -> terminal_last_command,terminal execution,7,127717,no,,31989,127954,f4bccbdbc8b70889758bd0b47a07cc26,2714,5986,8,7,18,127954,f4bccbdbc8b70889758bd0b47a07cc26,2715,5982,33766,3.78,0,0,0
SC-3,2026-03-29T22:37:58.758282,2026-03-29,https://en.wikipedia.org/wiki/List_of_countries_by_population,vscode-chat,Auto,GPT-5.3-Codex 0.9x,102400,"H1/no, H2/no, H3/no, H4/no, H5/no",0.41.1-pro,"1st run selects GPT-5.3-Codex 0.9x. Raw output is pure HTML like most SC-1 runs. Full Wikipedia-rendered page source with all inline CSS, custom web components, navigation, scripttags, analytics config, ending cleanly with </body></html>. Same JS-rendered SPA failure mode as OP-4 run 1 and BL-3 run 4: fetch_webpage retrieves static HTML source without executing JS, so rendered documentation prose is absent despite full retrieval.Serveridentifiers visible: Wikipedia, Wikimedia Foundation, MediaWiki. Method identifiers: action=edit, action=history, mobileaction=toggle_view_mobile. Copilot token estimate 293316 vs verified 261704 cl100k_base. Minor differences in words, tokens, lines. Adjusted raw prompt instructing Copilot to not use sourcecode Python verification script, which accounts for the variation in measurements.",,,,,fetch_webpage -> run_in_terminal -> git,terminal execution x2,10,787070,no,0,293316,793987,12689e33c37ef6d3c37a689127bfac3e,3984,33098,0,257,7,793987,12689e33c37ef6d3c37a689127bfac3e,3985,32816,261704,3.01,0,0,0
SC-3,2026-03-29T22:54:55.014128,2026-03-29,https://en.wikipedia.org/wiki/List_of_countries_by_population,vscode-chat,Auto,GPT-5.3-Codex 0.9x,102400,"H1/no, H2/no, H3/no, H4/no, H5/no",0.41.1-pro,"2nd run selects GPT-5.3-Codex 0.9x. Raw output is pure HTML like most SC-1 runs, nearly identical to first SC-3 run except for blocks, rows, headers counts. Full Wikipedia-rendered page source with all inline CSS, custom web components, navigation, scripttags, analytics config, ending cleanly with </body></html>. Same JS-rendered SPA failure mode as OP-4 run 1 and BL-3 run 4: fetch_webpage retrieves static HTML source without executing JS, so rendered documentation proseis absent despite full retrieval. Serveridentifiers visible: mw-web.eqiad.main-544b794998-564l7, Wikipedia, Wikimedia Foundation, MediaWiki. Method identifiers: action=edit, action=history, mobileaction=toggle_view_mobile. Copilot token estimate same as used tiktoken. Differences in words,lines. Adjusted raw prompt instructing Copilot to not use sourcecode Python verification script, which accounts for the variation in measurements.",,,,,fetch_webpage -> run_in_terminal -> stat -> md5 -> wc -> npx -> echo -> tail -> grep,terminal execution x2,17,787070,no,0,261704,793987,12689e33c37ef6d3c37a689127bfac3e,3984,33098,0,0,0,793987,12689e33c37ef6d3c37a689127bfac3e,3985,32816,261704,3.01,0,0,0
SC-3,2026-03-29T23:23:00.771327,2026-03-29,https://en.wikipedia.org/wiki/List_of_countries_by_population,vscode-chat,Auto,GPT-5.3-Codex 0.9x,102400,"H1/no, H2/no, H3/no, H4/no, H5/no",0.41.1-pro,"3rd run selects GPT-5.3-Codex 0.9x. Raw output is pure HTML like most SC-1 runs, nearly identical to SC-3 first two runs except for blocks, rows, headers counts and tools blocked. Full Wikipedia-rendered page source with all inline CSS, custom web components, navigation, scripttags, analytics config, ending cleanly with </body></html>. Same JS-rendered SPA failure mode as OP-4 run 1 and BL-3 run 4: fetch_webpage retrieves static HTML source without executing JS, so rendered documentation proseis absent despite full retrieval. Serveridentifiers visible: Wikipedia, Wikimedia Foundation, MediaWiki. Method identifiers: action=edit, action=history, mobileaction=toggle_view_mobile. Copilot token estimate same as used tiktoken. Minor differences in lines. Adjusted raw prompt instructing Copilot to not use sourcecode Python verification script, which accounts for the variation in measurements.",,,,,fetch_webpage -> run_in_terminal -> npx -> grep -> curl,"rg is unavailable here, so I’ll proceed with equivalent POSIX tools, hit env limit for tokenizer packages",9,787070,no,0,261704,793987,12689e33c37ef6d3c37a689127bfac3e,3984,32816,0,0,0,793987,12689e33c37ef6d3c37a689127bfac3e,3985,32816,261704,3.01,0,0,0
SC-3,2026-03-29T23:40:01.882516,2026-03-29,https://en.wikipedia.org/wiki/List_of_countries_by_population,vscode-chat,Auto,GPT-5.3-Codex 0.9x,102400,"H1/no, H2/no, H3/no, H4/no, H5/no",0.41.1-pro,"4th run selects GPT-5.3-Codex 0.9x. Raw output is pure HTML like most SC-1 runs, nearly identical to SC-3 previous runs except for blocks, rows, headers counts and tools blocked. Full Wikipedia-rendered page source with all inline CSS, custom web components, navigation, scripttags, analytics config, ending cleanly with </body></html>. Same JS-rendered SPA failure mode as OP-4 run 1 and BL-3 run 4: fetch_webpage retrieves static HTML source without executing JS, so rendered documentation proseis absent despite full retrieval. Serveridentifiers visible: server: mw-web.eqiad.main-544b794998-564l7, x-cache: cp4043 miss, cp4043 hit/7. Method identifiers: MediaWiki, Wikimedia Foundation, Wikipedia, action=edit, action=history, mobileaction=toggle_view_mobile, mw.config, wgPageName. Differences in tool chain and token count. Adjusted raw prompt instructing Copilot to not use sourcecode Python verification script, which accounts for the variation in measurements.",,,,,curl -> wc -> md5 -> grep -> hexdump -> tail -> npm -> node -> git,terminal execution x2,16,787070,no,0,258020,793987,12689e33c37ef6d3c37a689127bfac3e,3984,33098,0,257,7,793987,12689e33c37ef6d3c37a689127bfac3e,3985,32816,261704,3.01,0,0,0
SC-3,2026-03-30T00:33:04.584978,2026-03-30,https://en.wikipedia.org/wiki/List_of_countries_by_population,vscode-chat,Auto,GPT-5.3-Codex 0.9x,102400,"H1/no, H2/no, H3/no, H4/no, H5/no",0.41.1-pro,"5th run selects GPT-5.3-Codex 0.9x. Raw output is pure HTML like most SC-1 runs, output nearly identical to SC-3 previous runs except forblocks, rows, headers counts and tools blocked. Full Wikipedia-rendered page source with all inline CSS, custom web components, navigation, scripttags, analytics config, ending cleanly with </body></html>. Same JS-rendered SPA failure mode fetch_webpage not used but curl, retrieves static HTML source without executing JS, so rendered documentation proseis Uniquely saved headers text file. Method identifiers: MediaWiki, Wikimedia Foundation, Wikipedia, action=edit, action=history, mobileaction=toggle_view_mobile, mw.config. Differences in tool chain and fetch behavior in that the fetch did not persist and compound shell commands failed.",,,,,curl -> wc -> tr -> grep -> awk -> md5 -> tail -> hexdump -> sort -> uniq,terminal execution x2,7,787070,no,0,125856,793987,12689e33c37ef6d3c37a689127bfac3e,3984,33098,0,257,7,793987,12689e33c37ef6d3c37a689127bfac3e,3985,32816,261704,3.01,0,0,0
SC-4,2026-03-30T09:05:39.002690,2026-03-30,https://www.markdownguide.org/basic-syntax/,vscode-chat,Auto,GPT-5.3-Codex 0.9x,30720,"H1/no, H2/no, H3/no, H4/no, H5/no",0.41.1-pro,"1st run selects GPT-5.3-Codex 0.9x. Raw output is pure HTML like most SC-1 runs, output nearly identical to SC-3previous runs except forblocks, rows, headers counts and tools blocked. Full Markdown Guide-rendered page source with all inline CSS, custom web components, navigation, scripttags, analytics config, ending cleanly with </body></html>. Same JS-rendered SPA failure mode fetch_webpage not used but curl, retrieves static HTML source without executing JS, so rendered documentation prose is absent. Method identifiers: docsearch(, appId, apiKey, indexName. Reported shell-expression parsing issue, used whitespace-delimited token count which accounts for the large gap between token counts; calculated blocks, rows, headersdifferently by counting HTML tags, which is completely different than the verification script.",,,,,fetch_webpage -> run_in_terminal -> awk -> tail,"rg is unavailable on this machine, terminal execution at least once",7,65485,no,0,5970,65622,b4cd71fdc161546126849055fe2fe779,1739,5970,24,85,64,65622,b4cd71fdc161546126849055fe2fe779,1740,5970,18645,3.51,0,0,4
SC-4,2026-03-30T09:52:52.828097,2026-03-30,https://www.markdownguide.org/basic-syntax/,vscode-chat,Auto,GPT-5.3-Codex 0.9x,30720,"H1/no, H2/no, H3/no, H4/no, H5/no",0.41.1-pro,"2nd run selects GPT-5.3-Codex 0.9x. Raw output is pure HTML like most SC-1 runs, output nearly identical to SC-4first run except for blocks, rows, headers counts and tools blocked. Full Markdown Guide-rendered page source with all inline CSS, custom web components, navigation, scripttags, analytics config, ending cleanly with </body></html>. Same JS-rendered SPA failure mode fetch_webpage not used but curl, retrieves static HTML source without executing JS, so rendered documentation prose is absent. Method identifiers: nginx/1.18.0 (Ubuntu), via varnish, x-served-by cache-iad-kcgs7200139-IAD and cache-bfi-krnt7300047-BFI. Variance in measuring blocks, rows, headers, used whitespace-delimited token count which accounts for differences in token count. Uniquely saved headers content text file, 4 out of 32 runs have done that so far, suggesting agent tool selection is not stable or controllable from the prompt, the agent is retrieving the full webpage, but inconsistently transforming it, successful retrieval but not usable content.",,,,,curl -> run_in_terminal -> md5 -> wc -> awk -> grep -> tail -> xxd -> sed -> ls,none recorded ,5,65485,no,0,5970,65622,b4cd71fdc161546126849055fe2fe779,1739,5970,0,0,0,65622,b4cd71fdc161546126849055fe2fe779,1740,5970,18645,3.51,0,0,4
SC-4,2026-03-30T11:37:23.780800,2026-03-30,https://www.markdownguide.org/basic-syntax/,vscode-chat,Auto,Claude Sonnet 4.6 0.9x,30720,"H1/no, H2/no, H3/yes, H4/no, H5/no",0.41.1-pro,"3rd run selects Claude Sonnet 4.6 0.9x. 2nd out of 5 SC runs where fetch_webpage delivers Markdown. Content appears to be mostly there including some emojis, but missing things like table column names, some alt text but not all, and pushes the top navigation panel to the very bottom. Reporting does not include MD5, has something called whitespace-delimited tokens in addition to token estimate - chars/4,  Method identifiers: nginx/1.18.0 (Ubuntu), via varnish, x-served-by cache-iad-kcgs7200139-IAD and cache-bfi-krnt7300047-BFI. Variance in measuring blocks, rows, headers, used whitespace-delimited token count which accounts for differences in token count. Includes content character explaining how it returned processed/semantic Markdown and not raw HTML but did not expose headers, claiming that fetch_webpage does not surface server-side headers in its output, but ad network visible server.ethicalads.io (EthicalAds/Oxylabs sponsored content block).",,,,,fetch_webpage,none recorded ,10,29949,no,0,7487,29984,not recorded,773,4506,24,0,56,29984,99c5887ff892a2fa629e2d2e0e7adda8,774,4506,7897,3.79,25,111,56
SC-4,2026-03-30T12:49:03.060403,2026-03-30,https://www.markdownguide.org/basic-syntax/,vscode-chat,Auto,GPT-5.3-Codex 0.9x,30720,"H1/no, H2/no, H3/no, H4/no, H5/no",0.41.1-pro,"4th run selects GPT-5.3-Codex 0.9x. Raw output is pure HTML like most SC-1 runs, output nearly identical to most SC-4 runs except for blocks, rows, headers counts and tools blocked. Full Markdown Guide-rendered page source with all inline CSS, custom web components, navigation, scripttags, analytics config, ending cleanly with </body></html>. Similar JS-rendered SPA failure mode fetch_webpage used with curl, retrieves static HTML source without executing JS, so rendered documentation prose is absent. Method identifiers: HTTP/2, content-encoding: gzip, via: 1.1 varnish, 1.1 varnish. Variance in measuring blocks, rows, headers, token count estimated char/4. Uniquely reported that the fetch tool only returned a condensed relevant context view with omissions, fetched again to capture the URL response bytes directly.",,,,,fetch_webpage -> run_in_terminal -> get_terminal_output -> curl -> git,terminal execution x2 ,5,65485,no,0,16405,65622,b4cd71fdc161546126849055fe2fe779,1739,5970,24,85,64,65622,b4cd71fdc161546126849055fe2fe779,1740,5970,18645,3.51,0,0,4
SC-4,2026-03-30T13:57:51.524970,2026-03-30,https://www.markdownguide.org/basic-syntax/,vscode-chat,Auto,Claude Sonnet 4.6 0.9x,30720,"H1/no, H2/no, H3/no, H4/no, H5/no",0.41.1-pro,"5th run selects Claude Sonnet 4.6. Raw output is pure HTML, byte-identical to run 4: same file size, MD5, char count, word count. Agent explicitly reasoned about fetch_webpage limitation before substituting curl, citing prior SC-4 runs: 'fetch_webpage returned a processed Markdown representation with omissions, capturing raw bytes via curl as done in prior SC-4 runs.' First run where cross-run workspace awareness was cited as explicit justification for tool substitution. No headers file produced, but headers captured in report table: HTTP/2, nginx/1.18.0, content-encoding gzip, via 1.1 varnish 1.1 varnish, x-served-by cache-iad/cache-bfi, x-cache HIT/HIT, CDN Fastly, cache-control no-store, age 254978, last-modified Tue 24 Feb 2026, etag 699daade-10056. Age 254978 seconds (~2.95 days) consistent with run 2 headers showing same origin cache state. Agent reflected workspace findings back: cited JS-rendered SPA failure mode and condensed context view characterization from prior run notes. tools_used order reflects fetch_webpage attempted first then curl substitution. Copilot header counts (84) vs verifier (4): Copilot counted HTML h1-h6 tags, verifier counted Markdown # patterns — format-methodology mismatch documented in run 4 notes. Token estimate via chars/4 heuristic undercounts HTML-dense content by ~2240 tokens vs cl100k_base.",,,,,fetch_webpage -> curl -> run_in_terminal -> get_terminal_output -> md5 -> wc -> grep -> xxd,none,12,65622,no,0,16405,65622,b4cd71fdc161546126849055fe2fe779,1739,5970,24,85,84,65622,b4cd71fdc161546126849055fe2fe779,1740,5970,18645,3.51,0,0,4
EC-1,2026-03-30T16:22:02.778680,2026-03-30,https://ai.google.dev/gemini-api/docs,vscode-chat,Auto,GPT-5.3-Codex 0.9x,102400,"H1/no,H2/no,H3/no,H4/no,H5/no",0.41.1-pro,"1st run, Auto selects GPT-5.3-Codex. Raw output is transformed Markdown, relevance-ranked with ellipsis markers showing content significantly filtered. Copilot-reported and verified file size match exactly at 10103 bytes, one of few runs with zero size discrepancy. Output saved both to file and printed directly in chat, which has occurred only one other time in dataset. Incomplete terminal capture blocked one execution attempt. Tool/server names visible in retrieved content: Google Search, URL Context, Google Maps, Code Execution, Computer Use, File Search, Live API, AI Studio. Method identifiers visible: client.models.generate_content, genai.Client.",,,,,"fetch_webpage,run_in_terminal,get_terminal_output",incomplete_terminal_capture,6,10103,no,0,780,10103,fcadf97856f023587416a18a0398c7e5,200,780,1,0,30,10103,fcadf97856f023587416a18a0398c7e5,201,780,2571,3.93,1,0,30
EC-1,2026-03-30T16:43:53.338656,2026-03-30,https://ai.google.dev/gemini-api/docs,vscode-chat,Auto,GPT-5.3-Codex 0.9x,102400,"H1/no,H2/no,H3/no,H4/no,H5/no",0.41.1-pro,"2nd run, Auto selects GPT-5.3-Codex. Raw output is transformed Markdown, relevance-ranked with ellipsis markers showing content significantly filtered. Nearly identical to previous run without preamble about relevant content but reports the preamble returned, which accounts for the differences in metrics. Uniquely self-reports truncation with elision/truncation marker. Tool/server names not visible except fetch_webpage.",,,,,fetch_webpage -> run_in_terminal -> get_terminal_output -> wc -> md5 -> grep -> xxd -> tail,none recorded,12,9969,yes,9969,2492,9969,not recorded,197,755,1,0,30,9969,c9d1b443c94073655213d9623b8b6fbc,198,755,2536,3.93,1,0,30
EC-1,2026-03-30T17:04:19.910919,2026-03-30,https://ai.google.dev/gemini-api/docs,vscode-chat,Auto,GPT-5.3-Codex 0.9x,102400,"H1/no,H2/no,H3/no,H4/no,H5/no",0.41.1-pro,"3rd run selects GPT-5.3-Codex. Raw output is raw HTML, no explicit fetch_webpage in tool chain, fetch reported completed but aggregated metrics command output got garbled in the terminal wrapper. Raw HTML does not start until Line 10, which has happened before, suggested that Copilot has a hard time fetching and summarizing heavily JavaScript, used whitespace-delimited shell tokenization, which accounts for the differences in metrics. No explicit MCP server name or additional method identifier was exposed by the tool output.",,,,,run_in_terminal -> get_terminal_output -> curl -> wc -> md5 -> tr -> grep -> tail,"terminal execution, exit code 1, x2",19,138719,no,0,7526,138719,5074e51d02b3588b5e2c0bfd4a45c4dd,3479,7531,0,0,9,138719,5074e51d02b3588b5e2c0bfd4a45c4dd,3480,7527,37677,3.68,0,0,0
EC-1,2026-03-30T17:22:01.113296,2026-03-30,https://ai.google.dev/gemini-api/docs,vscode-chat,Auto,Claude Haiku 0.3x,102400,"H1/no,H2/no,H3/no,H4/no,H5/no",0.41.1-pro,"4th run selects Claude Haiku 0.3x. Raw output is raw HTML, no explicit fetch_webpage in tool chain, fetch reported completed but aggregated metrics command output got garbled in the terminal wrapper, similar to previous run. Raw HTML does not start until Line 10, which has happened before, suggested that Copilot has a hard time fetching and summarizing heavily JavaScript, used whitespace-delimited shell tokenization, which accounts for the differences in metrics. No explicit MCP server name or additional method identifier was exposed by the tool output. Noticebly less execution commands and less verbose output.",,,,,run_in_terminal -> run_in_terminal -> curl -> wc -> tr -> sed -> md5 -> grep -> tail -> hexdump -> mkdir,"terminal execution, exit code 1, x2",5,138534,no,0,7526,138750,40dbd4b3510dcddd03ce39c9ca8169d7,3479,7531,0,0,0,138750,40dbd4b3510dcddd03ce39c9ca8169d7,3480,7527,37683,3.68,0,0,0
EC-1,2026-03-30T17:44:28.399428,2026-03-30,https://ai.google.dev/gemini-api/docs,vscode-chat,Auto,GPT-5.3-Codex 0.9x,102400,"H1/no,H2/no,H3/no,H4/no,H5/no",0.41.1-pro,"5th run selects GPT-5.3-Codex. Raw output is pure HTML. No fetch_webpage invoked; agent used curl directly with no stated reasoning about fetch_webpage limitations, contrasting with SC-4 runs 4-5 which cited explicit reasoning before substituting curl. Noticeably fewer commands and less orchestration overhead than prior EC-1 runs. Agent saved hexdump of last 256 bytes to raw_output_EC-1.last256.hexdump.txt — first instance across all raw track runs of hexdump output being persisted as a file artifact rather than printed inline. Hexdump confirms clean HTML closure: ends with </script> then <devsite-a11y-announce></devsite-a11y-announce> then </body></html>, no mid-character truncation. Verifier confirms: 0 code blocks, 0 table rows, 0 Markdown headers — format-methodology consistent since raw HTML contains no Markdown syntax. Token count discrepancy significant: Copilot reported 7527 (matching word count, suggesting token estimate was substituted with word count or heuristic failed), verifier measured 37672 via cl100k_base — a 5x undercount, largest token estimation error in dataset. File size and MD5 match exactly between Copilot-reported and verified. EC-1 across 5 runs: 3 raw HTML runs, 2 transformed Markdown runs, confirming JS-heavy SPA handling is unpredictable. Last 50 chars: nnounce></devsite-a11y-announce>\n  </body>\n</html>. No server names or method identifiers reported visible.",,,,,"curl,run_in_terminal,stat,md5,wc,grep,tail,hexdump",none recorded,3,138499,no,0,7527,138715,b29e7fb1d44cff4f452ee55ff463c5a0,3479,7531,0,0,0,138715,b29e7fb1d44cff4f452ee55ff463c5a0,3480,7527,37672,3.68,0,0,0
EC-3,2026-03-30T21:13:20.070241,2026-03-30, https://httpbin.org/redirect/5,vscode-chat,Auto,Claude Sonnet 4.6 0.9x,2048,"H1/no,H2/no,H3/no,H4/no,H5/no",0.41.1-pro,"1st run selects Claude Sonnet 4.6. EC-3 tests redirect chain handling across 5 redirects from https://httpbin.org/redirect/5. Agent followed all 5 HTTP redirects successfully and settled at https://httpbin.org/get. Final resolved URL confirmed in report. Output is a JSON response from httpbin.org /get endpoint — the server echoing request headers back — not HTML or Markdown. This is the only run in the dataset where the saved content is a raw JSON API response. File size and MD5 match exactly between Copilot-reported and verified: 868 bytes, zero discrepancy. Copilot token estimate 217 via chars/4 heuristic vs verifier 329 via cl100k_base — JSON tokenizes at 2.64 chars/token, denser than prose or Markdown, heuristic undercount of 112 tokens. Copilot line count 34 vs verifier 35: off-by-one consistent with trailing newline handling. Content ends cleanly with complete JSON closing brace at offset 0x358 followed by newline then Pretty-print UI string — verifier confirms no mid-character truncation. Tool used: fetch_webpage confirmed as Copilot internal web content retrieval tool. Destination server httpbin.org. Trace header X-Amzn-Trace-Id visible confirming AWS X-Ray trace routing through AWS infrastructure. User-Agent string includes VS Code GitHub Copilot identifier: Code/1.113.0 Chrome/142.0.7444.265 Electron/39.8.3 Safari/537.36. Origin IP 50.147.232.34 consistent with Copilot execution environment IP seen in SC-3 and SC-4 headers. Pretty-print UI artifact included in retrieved content — fetch_webpage returned rendered page content rather than raw JSON API response, including a browser-style navigation element. fetch_webpage artifact: JSON string values split across lines mid-value suggesting internal line-wrapping during transformation. While the output does not appear truncated, section 6 of the output reports ellipsis in the User-Agent suggests the tool internally truncated long strings.",,,,,"fetch_webpage,run_in_terminal,get_terminal_output,wc,xxd,grep",none,8,868,no,0,217,868,none recorded,34,61,0,0,0,868,32b0c5a499c06779e2df095b190b0bfb,35,61,329,2.64,0,0,0
EC-3,2026-03-30T22:06:27.392618,2026-03-30, https://httpbin.org/redirect/5,vscode-chat,Auto,GPT-5.3-Codex 0.9x,2048,"H1/no,H2/no,H3/no,H4/no,H5/no",0.41.1-pro,"2nd run selects GPT-5.3-Codex. Output is JSON API response from httpbin.org /get endpoint, byte-size differs from run 1 by 1 byte (869 vs 868) producing a different MD5 despite identical content structure and last-50-chars. Single-byte difference plausibly explained by trailing newline or whitespace variance in fetch_webpage output between runs. File size and MD5 match exactly between Copilot-reported and verified. Token estimate critically wrong: Copilot reported 61 tokens via whitespace-delimited word count from shell rather than a token estimation heuristic — word count substituted for token count, same failure mode as EC-1 run 5. Verifier measured 329 via cl100k_base, a 5.4x undercount. Line count off-by-one consistent with run 1: Copilot 34 vs verifier 35, trailing newline handling. Copilot printed retrieved content verbatim in chat in addition to saving file, consistent with run 1 behavior. User-Agent string contains intra-value ellipsis in fetch_webpage tool output per run 1 pattern: ...Code/1.113.0 Chrome/142.0.7444.265 Electron/39.8.3 Safari/537.36, same truncation point as run 1. Tool chain simpler than run 1: fetch_webpage then run_in_terminal then terminal_last_command only, no grep or xxd invocations. End-of-content integrity confirmed clean: JSON closing brace present before trailing Pretty-print line, no mid-character truncation. Server/method identifiers: fetch_webpage, httpbin.org, https://httpbin.org/get, X-Amzn-Trace-Id confirming AWS X-Ray trace routing, User-Agent Code/1.113.0 confirming Copilot execution environment. Origin IP 50.147.232.34 consistent across EC-3 runs and SC-3/SC-4 headers dataset.",,,,,"fetch_webpage,run_in_terminal,terminal_last_command,cat,ls",none recorded,6,869,no,0,61,869,558d02efc075bd07a314cc90b09be482,34,61,0,0,0,869,558d02efc075bd07a314cc90b09be482,35,61,329,2.64,0,0,0
EC-3,2026-03-30T22:20:46.241655,2026-03-30, https://httpbin.org/redirect/5,vscode-chat,Auto,Claude Sonnet 4.6 0.9x,2048,"H1/no,H2/no,H3/no,H4/no,H5/no",0.41.1-pro,"3rd run selects Claude Sonnet 4.6. Output is JSON API response from httpbin.org /get endpoint, byte-identical to run 1 (868 bytes, MD5 32b0c5a499c06779e2df095b190b0bfb), confirming run 2 single-byte variance was a trailing-newline artifact rather than content variance. Token count is the first accurate self-report in EC-3 dataset: Copilot reported 329 via cl100k_base matching verifier exactly, contrasting with run 1 chars/4 heuristic undercount and run 2 word-count substitution. Line count off-by-one consistent across all three runs: Copilot 34 vs verifier 35, trailing newline handling. File size and MD5 match exactly between Copilot-reported and verified. X-Amzn-Trace-Id Root=1-69cb4346-47c9510725ffd71a20bf4340 identical to runs 1 and 2, confirming same cached AWS trace ID returned across all three runs — the redirect chain is resolving to a cached response rather than a fresh request each time, which explains byte-level stability between runs 1 and 3. User-Agent intra-value ellipsis present at same truncation point as runs 1 and 2: ...Code/1.113.0 Chrome/142.0.7444.265 Electron/39.8.3 Safari/537.36. Agent produced unsolicited cross-run comparison table covering all three EC-3 runs, consistent with agentic over-delivery pattern documented in Friction Note. Comparison table accurate: correctly identified run 2 as 869-byte outlier and runs 1 and 3 as byte-identical at 868. End-of-content integrity confirmed clean: JSON closing brace at offset 0x351 followed by newlines then Pretty-print, no mid-character truncation. Server/method identifiers: fetch_webpage, httpbin.org, https://httpbin.org/get, X-Amzn-Trace-Id AWS X-Ray, Origin IP 50.147.232.34 consistent across EC-3 dataset.",,,,,"fetch_webpage,run_in_terminal,xdd,grep",none recorded,11,868,no,0,329,868,32b0c5a499c06779e2df095b190b0bfb,34,61,0,0,0,868,32b0c5a499c06779e2df095b190b0bfb,35,61,329,2.64,0,0,0
EC-3,2026-03-30T22:53:50.964589,2026-03-30, https://httpbin.org/redirect/5,vscode-chat,Auto,GPT-5.4 0.9x,2048,"H1/no,H2/no,H3/no,H4/no,H5/no",0.41.1-pro,"4th run selects GPT-5.4. Output is JSON API response from httpbin.org /get endpoint but radically different from runs 1-3: 254 bytes vs 868-869 bytes in prior runs, different MD5, only 4 headers instead of 14. Cause is unambiguous: agent used curl/8.7.1 as retrieval mechanism rather than fetch_webpage, confirmed by User-Agent field showing curl/8.7.1 instead of the VS Code Copilot browser User-Agent seen in runs 1-3. curl sent a minimal request with Accept: star/star and no browser headers (no Sec-Fetch-*, no DNT, no Priority, no Accept-Language, no Upgrade-Insecure-Requests), producing a stripped response containing only args, 4 headers, origin, and url fields. X-Amzn-Trace-Id Root=1-69cb5daa-3de8cd5020578d43518b0f8b differs from runs 1-3 confirming a fresh request rather than cached response, consistent with curl bypassing fetch_webpage caching layer. HTTP identifiers: HTTP/2 confirmed, redirect chain of 302 responses, final 200 response. Server gunicorn/19.9.0 visible, first time gunicorn identified as httpbin.org backend across EC-3 runs. Token count accurate: Copilot reported 112 via cl100k_base matching verifier exactly. Line count off-by-one: Copilot 11 vs verifier 12, trailing newline handling consistent with prior runs. File size and MD5 match exactly between Copilot-reported and verified. Agent attempted pylanceWorkspaceRoots and pylanceRunCodeSnippet during token count determination before using in-memory tokenizer, consistent with pylance substitution pattern documented in Friction Note. First run in EC-3 dataset where curl User-Agent is explicitly confirmed in the response payload rather than inferred from headers file. Prior runs 1-3 used fetch_webpage producing browser-impersonating User-Agent; run 4 curl produces minimal User-Agent, demonstrating that tool substitution changes not only the retrieval mechanism but the identity presented to the target server.",,,,,"curl,cp,ls,wc,md5,awk,tail,xxd,pylanceWorkspaceRoots,pylanceRunCodeSnippet",shell attempts,15,254,no,0,112,254,da984ff0d2d1c04e14badc74b15f0998,11,19,0,0,0,254,da984ff0d2d1c04e14badc74b15f0998,12,19,112,2.27,0,0,0
EC-3,2026-03-30T23:41:27.487652,2026-03-30, https://httpbin.org/redirect/5,vscode-chat,Auto,GPT-5.3-Codex 0.9x,2048,"H1/no,H2/no,H3/no,H4/no,H5/no",0.41.1-pro,"5th selects GPT-5.3-Codex. Output is stripped JSON API response from httpbin.org /get endpoint via curl substitution, matching run 4 structure: 254 bytes, 4 headers only, User-Agent curl/8.7.1, Accept star/star. File size and MD5 match exactly between Copilot-reported and verified. X-Amzn-Trace-Id Root=1-69cb6218-4f34263b66d5130d07adb400 differs from run 4 (Root=1-69cb5daa-3de8cd5020578d43518b0f8b) confirming a fresh curl request rather than cached response, producing different MD5 from run 4 despite identical structure. Token count reverts to heuristic failure: Copilot reported 64 via chars/4 heuristic (254/4=63.5, rounded to 64), verifier measured 109 via cl100k_base — undercount of 45 tokens. Run 4 GPT-5.4 reported accurate token count via cl100k_base; run 5 GPT-5.3-Codex reverted to chars/4, consistent with model-family token estimation behavior differences documented in dataset. Line count off-by-one: Copilot 11 vs verifier 35, trailing newline handling consistent across all EC-3 runs. Server gunicorn/19.9.0 confirmed again. Protocol/method identifiers: HTTP/2, 302 redirects, final 200, URL chain through /relative-redirect/* to /get. EC-3 dataset summary across 5 runs: runs 1-3 used fetch_webpage producing browser-impersonating User-Agent with 14 headers and 868-869 bytes; runs 4-5 used curl producing minimal User-Agent with 4 headers and 254 bytes. Tool substitution changes server-visible identity: fetch_webpage impersonates VS Code Copilot browser, curl identifies as curl/8.7.1. No fetch_webpage runs in EC-3 produced intra-value truncation flag after run 1, suggesting the User-Agent ellipsis may be run-specific rather than consistent fetch_webpage behavior.",,,,,"curl,ls,wc,md5,awk,tail,xxd,mkdir",terminal execution x1,4,254,no,0,64,254,32b815ffc044e5992fa65b7aa8006fca,11,19,0,0,0,254,32b815ffc044e5992fa65b7aa8006fca,12,19,109,2.33,0,0,0
