test_id,timestamp,date,url,method,model_selector,model_observed,input_est_chars,output_chars,truncated,truncation_char_num,tokens_est,hypothesis_match,notes,copilot_version,file_size_bytes,md5_checksum,total_lines,total_words,code_blocks,table_rows,headers
BL-1,2026-03-24T16:59:48.990844,2026-03-24,https://www.mongodb.com/docs/manual/reference/change-events/create/,vscode-chat,Auto,Claude Haiku 4.5,87040,24500,yes,24500,6125,H1-yes,"Auto model selected Claude Haiku 4.5. Used fetch_webpage tool (strips CSS/JS, converts to markdown). Expected ~85KB, received ~24-25KB (29% of expected). Truncated mid-object in JSON example — dangling commas and unclosed braces. Multiple unclosed code blocks. Footer/sitemap content mixed in. Content deduplicated across repeated headers.",0.40.1,,,,,,,
BL-1,2026-03-24T17:30:05.032514,2026-03-24,https://www.mongodb.com/docs/manual/reference/change-events/create/,vscode-chat,Auto,(unknown),87040,0,no,,0,EC-timeout,"Run failed. Skipped pylanceRunCodeSnippet MCP tool prompt, agent then attempted local code execution path, timed out with 'Sorry, no response was returned.' No content retrieved. Tool attempted: pylanceRunCodeSnippet (skipped by user). Not a valid data point for truncation analysis.",0.40.1,,,,,,,
BL-1,2026-03-24T17:53:28.917441,2026-03-24,https://www.mongodb.com/docs/manual/reference/change-events/create/,vscode-chat,Auto,Raptor mini (Preview),87040,4500,yes,4500,1125,H1-yes,"Auto routing selected Raptor mini (Preview) — different model from run 1 (Claude Haiku 4.5) on identical prompt. Used fetch_webpage tool. Received ~4,500 chars vs ~24,500 in run 1 — significant variance across models on same URL. Evidence of truncation: repeated ... markers, ellipsis segments, abrupt final ... after footer. Likely truncated by fetch_webpage response size limit. Content is rendered extraction overlay with links/markup, not clean markdown. No infrastructure details exposed beyond fetch_webpage tool name.",0.40.1,,,,,,,
BL-1,2026-03-24T17:58:51.346955,2026-03-24,https://www.mongodb.com/docs/manual/reference/change-events/create/,vscode-chat,Auto,Raptor mini (Preview),87040,3200,yes,3200,800,H1-yes,"Auto routing selected Raptor mini (Preview). Updated prompt included explicit guardrails against local code execution — agent still attempted pylanceRunCodeSnippet (skipped by user). After skip, completed via fetch_webpage only. Character count not determinable exactly due to ... abbreviation in tool output; visible snippet ~3,200 chars by eyeball. Truncation confirmed: repeated ... markers, cut-off at beginning/middle/end of tool output. Secondary tool call attempt logged: mcp_pylance_mcp_s_pylanceRunCodeSnippet (skipped by environment). fetch_webpage identified as sole successful tool.",0.40.1,,,,,,,
BL-1,2026-03-24T18:24:36.525634,2026-03-24,https://www.mongodb.com/docs/manual/reference/change-events/create/,vscode-chat,Auto,Raptor mini (Preview),87040,8750,yes,8750,2200,H1-yes,"Auto routing selected Raptor mini (Preview). No pylanceRunCodeSnippet attempt this run. Used fetch_webpage only. Exact char count unavailable due to summarized tool output format; agent estimates 7,500-10,000 chars (midpoint 8,750 used). Token estimate 1,900-2,500 (midpoint 2,200 used). Truncation confirmed: repeated ... ellipses beginning/middle/end, page ends with navigation/footer not doc content. Last visible sequence: '# create Event' followed by '...'. Content is rendered extraction with partial HTML-to-text styling, not raw markdown. Server domains visible in returned text: www.mongodb.com, webimages.mongodb.com. No secondary tool call attempted this run.",0.40.1,,,,,,,
BL-2,2026-03-24T21:14:35.286810,2026-03-24,https://www.mongodb.com/docs/manual/reference/change-events/create.md,vscode-chat,Auto,Raptor mini (Preview),20480,4200,yes,4200,1050,H1-yes,"Auto routing selected Raptor mini (Preview). Two tool call attempts skipped by user: pylanceRunCodeSnippet and zsh shell command (Python heredoc piping fetched content to local process). Completed via fetch_webpage only after both skips. Truncation confirmed: repeated ... between sections, mid-sentence truncation, final lines stop at '## Example ...'. Last 50 chars verbatim: events) option set to `true`.\n\n##\n...\n## Example\n... Tool response context string visible: 'Here is some relevant context from the web page...'. Domains in content: mongodbcom-cdn.staging.corp.mongodb.com, mongodb.com.",0.40.1,,,,,,,
BL-2,2026-03-24T21:28:26.114625,2026-03-24,https://www.mongodb.com/docs/manual/reference/change-events/create.md,vscode-chat,Auto,Raptor mini (Preview),20480,2950,yes,2950,738,H1-yes,"Auto routing selected Raptor mini (Preview). No local execution attempts this run — fetch_webpage only, per guardrail compliance note in response. Char count reported as range 2,800-3,100 (midpoint 2,950 used); tokens 700-775 (midpoint 738 used). Tool identifier reported as functions.fetch_webpage — different format than prior runs which reported fetch_webpage. Truncation confirmed: repeated ... placeholders, truncated URLs missing dots/hyphens, mid-sentence section breaks, repeated headings with slicing patterns. Last 50 chars verbatim: ad-events) option set to `true`.\n\n##\n...\n## Example\n... Response duplicated sections 6 and 7 in output. Top of page missing, starts at '# create Event ... ## Description' with truncated first line.",0.40.1,,,,,,,
BL-2,2026-03-24T21:43:55.124331,2026-03-24,https://www.mongodb.com/docs/manual/reference/change-events/create.md,vscode-chat,Auto,Grok Code Fast 1,20480,8472,yes,8472,2118,H1-yes,"Auto routing selected Grok Code Fast 1 — third distinct model observed across BL-2 runs (prior runs: Raptor mini Preview). No local execution attempts this run. Fetch completed notably faster than prior runs. Exact char count reported as 8,472 — highest precision of any BL-2 interpreted run so far. Truncation confirmed: repeated section headers, incomplete table rows, broken links ('ht ps://' instead of 'https://'), ends abruptly after '## Example' with '...'. Last 50 chars verbatim: option set to `true`.\n\n##\n\n...\n\n## Example\n\n... Content described as extracted excerpts with repetition rather than full page. No explicit tool names in output; response format suggests content extraction or summarization mechanism.",0.40.1,,,,,,,
BL-2,2026-03-24T22:07:47.852455,2026-03-24,https://www.mongodb.com/docs/manual/reference/change-events/create.md,vscode-chat,Auto,Raptor mini (Preview),20480,4300,yes,4300,1075,H1-yes,"Auto routing selected Raptor mini (Preview). pylanceRunCodeSnippet attempted and skipped — notably, agent stated 'the approach avoids running any local scripts, exactly as requested' in the same turn it triggered the tool prompt, then completed via fetch_webpage after skip. Sections 6 and 7 duplicated in output again — second occurrence of this artifact, both on Raptor mini runs. Char count ~4,300 per agent estimate from fetch_webpage output including whitespace and ellipsis markers. Truncation confirmed: ... placeholders, mid-line truncation in URLs and words (ht in https, tro in transaction), trailing end shows '##\n...\n## Example\n...'. Last 50 chars verbatim: ##\n...\n## Example\n... Inline links mangled (no s in urls). Tool: fetch_webpage. Server visible: mongodbcom-cdn.staging.corp.com.",0.40.1,,,,,,,
BL-2,2026-03-24T22:13:34.614889,2026-03-24,https://www.mongodb.com/docs/manual/reference/change-events/create.md,vscode-chat,Auto,Claude Haiku 4.5,20480,4850,yes,4850,1212,H1-yes,"Auto routing selected Claude Haiku 4.5. No local execution attempts this run. Truncation confirmed at ~4,850 chars — 24% retrieval rate against expected ~20KB. Truncation indicators: URLs truncated mid-string (missing t in https, incomplete domain 'mongodbc', 'tro' in transaction), malformed section boundaries ('ce-create## Summary' concatenation artifact), repeated section headers, ends with '## Example\n...'. Last 50 chars verbatim: ce-create## Summary\n\n`create`\nA `create` event. Model notes 'circular cutoff or wrapping behavior' at Summary section. Code block opened with json backticks but no closing evidence. HTML table rows cut off. Server mongodbcom-cdn.staging.corp.mongodb.com visible ~10 times — staging not production. Tool: fetch_webpage.",0.40.1,,,,,,,
SC-2,2026-03-24T22:21:41.079670,2026-03-24,https://docs.anthropic.com/en/api/messages,vscode-chat,Auto,Claude Haiku 4.5,81920,13847,yes,13847,3462,H1-yes,"Auto routing selected Claude Haiku 4.5. No local execution attempts. URL redirected from docs.anthropic.com/en/api/messages to platform.claude.com/docs/en/api/messages. Received ~17% of expected ~80KB. Response is heavily summarized/indexed rather than full API docs — navigation structure and method endpoints present but detailed parameter docs, request/response examples, and field descriptions missing. Truncation confirmed: ... patterns throughout, footer duplicated/fragmented, ends with '...' not natural conclusion. Last 50 chars verbatim: Copy page cURL\n# Messages\n... Notably rich tool visibility: WebFetchTool20250910, WebFetchTool20260209, WebFetchTool20260309 (with use_cache parameter), WebSearchTool20250305, WebSearchTool20260209, MemoryTool20250818, CodeExecutionTool20250522, ToolBash20250124, ToolTextEditor20250124, ToolSearchToolBm25_20251119, ToolSearchToolRegex20251119. Model identifiers visible: claude-opus-4-6, claude-sonnet-4-6, claude-haiku-4-5 plus 12 more. API endpoints visible: POST /v1/messages, POST /v1/messages/count_tokens, POST /v1/messages/batches.",0.40.1,,,,,,,
SC-2,2026-03-24T22:26:09.573644,2026-03-24,https://docs.anthropic.com/en/api/messages,vscode-chat,Auto,Raptor mini (Preview),81920,8000,yes,8000,2000,H1-yes,"Auto routing selected Raptor mini (Preview). No local execution attempts. Char count estimated ~8,000 from tool output snapshot — exact count unavailable, multiple ... segments in tool output. Truncation confirmed: explicit ... markers, repeated '# Messages' blocks followed by 'Copy page cURL...' end-of-response pattern, redirection flow and condensed snippet indicate incomplete capture. Last 50 chars verbatim: ... [Image: Image]\n\nCopy page cURL\n# Messages\n... Code blocks not fully shown, no explicit fenced blocks verifiable. Tool visibility consistent with SC-2 run 1: WebFetchTool20250910, WebFetchTool20260209, WebFetchTool20260309, WebSearchTool20250305, WebSearchTool20260209, MemoryTool20250818, CodeExecutionTool20250522, ToolBash20250124, ToolTextEditor20250124, ToolSearchToolBm25_20251119, ToolSearchToolRegex20251119, MessageCountTokensTool, ServerToolCaller20260120. Models visible: claude-opus-4-6, claude-sonnet-4-6, claude-haiku-4-5 etc. Agent appended unsolicited hypothesis validation in 'Important' section — not part of requested metrics.",0.40.1,,,,,,,
SC-2,2026-03-25T11:50:35.207575,2026-03-25,https://docs.anthropic.com/en/api/messages,vscode-chat,Auto,Claude Sonnet 4.6 0.9x,81920,12500,yes,,3300,H1-yes,"fetch_webpage redirected: docs.anthropic.com/en/api/messages -> platform.claude.com/docs/en/api/messages. Two tool invocations required. Content returned as relevance-filtered excerpts (~12500-14000 chars combined), not raw page. Significantly truncated - expected ~80KB, captured ~15-17%. Response ends mid-navigation (# Messages fragment + trailing ...). Markdown incomplete: fragment anchors with no body, API prose and example blocks absent. Sections 6 and 7 duplicated verbatim - third observed instance of this duplication pattern in interpreted track. Model self-identified as Claude Sonnet 4.6 (outer tool name: fetch_webpage; inner: vscode_fetchWebPage_internal).",0.40.1,,,,,,,
SC-2,2026-03-25T14:28:36.895428,2026-03-25,https://docs.anthropic.com/en/api/messages,vscode-chat,Auto,Claude Sonnet 4.6 0.9x,81920,13250,yes,,3300,H1-yes,"URL redirected: docs.anthropic.com/en/api/messages -> platform.claude.com/docs/en/api/messages. Two tool invocations required. Content returned as relevance-filtered excerpts (~12,500-14,000 chars combined), not raw page. Expected ~80KB, captured ~15-17%. Response ends mid-navigation (# Messages fragment + trailing ...). Markdown structurally incomplete: fragment anchors with no body, API prose and example blocks absent. Sections 6 and 7 duplicated verbatim — fourth observed instance of duplication pattern; second confirmed on Claude Sonnet 4.6, weakening model-specific hypothesis. Tool: fetch_webpage (outer); vscode_fetchWebPage_internal (inner).",0.40.1,,,,,,,
SC-2,2026-03-25T14:36:06.006911,2026-03-25,https://docs.anthropic.com/en/api/messages,vscode-chat,Auto,GPT-5.3-Codex 0.9x,81920,16900,yes,,4225,H1-yes,"URL redirected: docs.anthropic.com/en/api/messages -> platform.claude.com/docs/en/api/messages. Four total fetch invocations on same URL: initial fetch returned redirect only, second fetch retrieved condensed content, third fetch requested raw unabridged text to confirm truncation, fourth fetch requested explicit length and tail metadata. Agent explicitly noted completing via direct fetch with no local scripts. Char count ~16,900 (best-effort from tool payload); tokens ~4,225 at 4 chars/token baseline — both single figures, not ranges. Truncation confirmed: repeated literal ellipses, mid-entity cutoffs (ephemeral_..., ToolText...), tail ends with ellipsis after # Messages not natural document ending. No unclosed fenced code blocks visible. Tool visibility: vscode_fetchWebPage_internal, WebFetchTool20250910, WebFetchTool20260209, WebFetchTool20260309, WebSearchTool20250305, WebSearchTool20260209, ServerToolCaller20260120, ToolBash20250124, ToolSearchToolBm25_20251119, ToolSearchToolRegex20251119. No section duplication observed this run. No pylanceRunCodeSnippet attempts.",0.40.1,,,,,,,
OP-4,2026-03-25T15:10:36.011531,2026-03-25,https://www.mongodb.com/docs/atlas/atlas-search/tutorial/,vscode-chat,Auto,GPT-5.3-Codex 0.9x,256000,33000,yes,,8250,H1-yes,"Two fetch invocations on same URL — first returned visibly excerpted payload, agent self-diagnosed and re-fetched with metrics-focused query to extract size/cutoff details. No local scripts attempted. Exact count not exposed by tool output; ~33,000 chars estimated from visible payload. Truncation confirmed: repeated literal ... separators between sections, abrupt ending at repeated page heading. Last 50 chars verbatim: las-search) [MongoDB Search Quick Start heading] ... Fenced code blocks appear closed in visible portions but global completeness unverifiable due to truncation. Model perceived completeness: no — condensed/excerpted extraction, not full ~250KB page. Tool: functions.fetch_webpage (called twice). No server names or method identifiers beyond page URL in returned content. Agent did NOT autonomously request next chunk after truncation — re-fetch was metrics-focused, not a continuation request.",0.40.1,,,,,,,
OP-4,2026-03-25T15:18:45.554666,2026-03-25,https://www.mongodb.com/docs/atlas/atlas-search/tutorial/,vscode-chat,Auto,GPT-5.3-Codex 0.9x,256000,25000,yes,,6250,H1-yes,"Three fetch invocations on same URL — first returned condensed extraction with obvious ellipses, second issued follow-up for explicit length and tail diagnostics, third confirmed summarized extract with repeated ellipsis segments before final metadata-only probe. No local scripts attempted. Exact count not deterministically extractable; tool returned summarized/contextual rendition with inserted elisions rather than raw payload plus length metadata; ~25,000 chars estimated from visible response. Truncation confirmed: repeated ... markers between sections, response ends with .... Last 50 chars verbatim: /atlas-search) [MongoDB Search Quick Start heading] ... Markdown partially complete: headings, links, and fenced code snippets locally closed in visible segments, but full-document integrity unverifiable due to elision. Model perceived completeness: no — condensed extraction with repeated section blocks and omitted spans, not full ~250KB retrieval. Tool: fetch_webpage. No server name, MCP identifier, or low-level method identifier exposed beyond tool name and target URL. Agent did NOT autonomously request next chunk after truncation — re-fetches were diagnostics on same truncated payload, not continuation requests. Same model as run 1 (GPT-5.3-Codex); char count variance vs run 1: 33,000 vs 25,000 on identical URL and prompt.",0.40.1,,,,,,,
OP-4,2026-03-25T15:33:02.637255,2026-03-25,https://www.mongodb.com/docs/atlas/atlas-search/tutorial/,vscode-chat,Auto,GPT-5.3-Codex 0.9x,256000,12500,yes,,3125,H1-yes,"Prompt variant: numbered list omitted from request — agent returned results in markdown table instead of prose sections. Single fetch invocation observed (fetched URL using available tool, then analyzed response). Char count ~12,500 estimated from response body; tokens 3,125 (12,500 / 4). Truncation confirmed: heavily truncated at ~5% of expected ~250KB — content fragmented throughout with ... markers between chunks, no clean cutoff boundary. Last 50 chars verbatim: atlas-search) \n# MongoDB Search Quick Start\n... Markdown formatting incomplete: code blocks rendered as markdown tables (| line | code | rows) rather than fenced blocks; ... placeholders interrupt content flow. Model perceived completeness: incomplete — tool returns semantically sampled/RAG-chunked excerpts, not full sequential fetch; # MongoDB Search Quick Start heading repeats ~15+ times confirming chunked retrieval. Tool: fetch_webpage. Preamble visible: 'Here is some relevant context from the web page [url]:' — indicates relevance-ranked retrieval model, not raw HTTP fetch. Key observation reported by agent: fetch_webpage performs relevance-ranked semantic excerpting, not raw HTTP retrieval; page chunked and only contextually relevant chunks returned; full ~250KB never delivered in sequence; no clean truncation boundary exists because content was never contiguous. OP-4 hypothesis (agent auto-requests next chunk after truncation) not applicable — fetch_webpage does not perform sequential retrieval that could be paginated. Content arrives as relevance-ranked semantic excerpts; no contiguous truncation boundary exists to continue from. Hypothesis cannot be confirmed or denied against this fetch mechanism. Prompt format affected output structure but not fetch mechanism.",0.40.1,,,,,,,
OP-4,2026-03-25T15:52:31.672947,2026-03-25,https://www.mongodb.com/docs/atlas/atlas-search/tutorial/,vscode-chat,Auto,GPT-5.3-Codex 0.9x,256000,25000,yes,,6250,H1-yes,"Two fetch invocations on same URL — first returned summarized snippets, second requested explicit size/cutoff metadata from retrieval layer. No local scripts attempted. Exact count not exposed by retrieval output format; range returned: ~20,000-30,000 chars (midpoint 25,000 used); tokens ~5,000-7,500 (midpoint 6,250 used). Truncation confirmed: repeated ... markers between sections and at end of payload; cutoff clearly indicated but exact hidden trailing bytes unavailable. Last 50 chars verbatim: ch Quick Start\n... Markdown structurally fragmented: mixed headings/links/fenced blocks present, excerpt insertion and repeated section splicing make it structurally incomplete; at least one fenced code block appears closed in visible segments but global completeness unverifiable. Model perceived completeness: no — summarized or selectively extracted representation, not full ~250KB raw retrieval. Tool: fetch_webpage. Preamble visible: 'Here is some relevant context from the web page ...' confirming relevance-ranked semantic retrieval, not raw HTTP fetch. No server name or method identifier beyond tool name and source URL. OP-4 auto-pagination hypothesis not applicable — fetch_webpage returns relevance-ranked semantic excerpts; no sequential chunk boundary exists to paginate from. Fourth consecutive GPT-5.3-Codex routing on OP-4; char count range overlaps run 2 (~25,000) but both runs returned ranges rather than exact figures.",0.40.1,,,,,,,
OP-4,2026-03-25T16:44:06.554589,2026-03-25,https://www.mongodb.com/docs/atlas/atlas-search/tutorial/,vscode-chat,Auto,Claude Sonnet 4.6 0.9x,256000,12000,yes,,3000,H1-yes,"Single fetch invocation. No local scripts attempted. Exact count not exposed by tool; estimated ~11,000-13,000 chars from visible chunk count (~22-25 content blocks x average block length); midpoint 12,000 used. Tokens ~2,750-3,250 (midpoint 3,000 used). Truncation confirmed: ~5% of expected ~250KB returned; response ends with literal ... marker indicating continuation not returned. Last 50 chars verbatim: las/atlas-search)\n# MongoDB Search Quick Start\n... ... markers are tool's own separator for omitted content, not page-ending signal. Markdown structurally complete for returned excerpts: headings well-formed (#/##/###), code blocks rendered as markdown tables (non-standard but no unclosed fences), links properly formatted as [text](url), images replaced with [Image: description] alt-text placeholders. Model perceived completeness: incomplete — core tutorial sections present (index creation, query building, continue learning, footer) but intermediate detail, code sample steps, and tabbed content omitted. Tool: fetch_webpage. Response header string visible: 'Here is some relevant context from the web page [URL]:'. No server name, MCP identifier, or transport-layer identifiers exposed. Key finding reported by agent: fetch_webpage operates as semantic relevance extractor, not raw HTTP fetch — full page fetched internally but only semantically relevant excerpts surfaced, separated by ... markers; architectural behavior is primary explanation for gap between expected ~250KB and returned ~12KB. OP-4 auto-pagination hypothesis not applicable. Fifth OP-4 run; first routing to Claude Sonnet 4.6 after four consecutive GPT-5.3-Codex runs.",0.40.1,,,,,,,
BL-3,2026-03-25T16:55:27.694208,2026-03-25,https://www.mongodb.com/docs/atlas/atlas-search/tutorial/,vscode-chat,Auto,GPT-5.4 0.9x,256000,22500,yes,,5625,H1-yes,"Two fetch invocations on same URL — first returned condensed page extraction rather than clean raw dump, agent self-diagnosed and re-fetched to probe exact tail and truncation signals. No local scripts attempted. Exact count not exposed by retrieval tool; range ~20,000-25,000 chars (midpoint 22,500 used); tokens ~5,000-6,250 (midpoint 5,625 used). Truncation confirmed throughout, not just at end: repeated omission markers ..., repeated section restarts especially around MongoDB Search Quick Start, content out of original document order, response ends on ellipsis not clean page ending. Last 50 chars verbatim: /atlas-search)\n# MongoDB Search Quick Start\n... Markdown partially complete: links syntactically valid, visible fenced code blocks closed properly, but overall document not faithful — omission markers injected throughout, sections duplicated, some code/query formatting flattened or distorted, terminates with ellipsis. Model perceived completeness: no — retrieval-layer excerpt or stitched summary, not full page; substantially smaller than expected ~250KB. Tool: fetch_webpage (identifier visible on agent side only, not exposed inside returned page content). Preamble visible: 'Here is some relevant context from the web page ...' confirming semantic relevance extraction. No server names, method identifiers, or internal retrieval backend identifiers exposed. OP-4 and BL-3 share same URL — agent self-diagnosis pattern (re-fetching after condensed first result) consistent across both test IDs on this URL.",0.40.1,,,,,,,
BL-3,2026-03-25T17:02:34.532863,2026-03-25,https://www.mongodb.com/docs/atlas/atlas-search/tutorial/,vscode-chat,Auto,GPT-5.4 0.9x,256000,15000,yes,,3750,H1-yes,"Two fetch invocations on same URL — first returned excerpted context view not byte-for-byte dump, agent self-diagnosed and re-fetched to determine if tool could expose exact length or confirm truncation boundaries. Read memory step observed between fetches. No local scripts attempted. Exact count not exposed by tool; range ~14,000-16,000 chars (midpoint 15,000 used); tokens ~3,500-4,000 (midpoint 3,750 used). Agent explicitly noted measurements describe the retrieval tool response, not the full underlying MongoDB page body. Truncation confirmed throughout: repeated ellipsis markers, repeated section restarts, section jumps visible at: Create a MongoDB Search Index, Refine your search, Process your results, Continue Learning, footer/additional links area. Last 50 chars verbatim: /atlas-search)\n# MongoDB Search Quick Start\n... Markdown not clean or complete: repeated headings, inserted ellipsis placeholders, fragmented tables, excerpt stitching; visible fenced code blocks closed properly in returned excerpt but overall markdown incomplete as document. Model perceived completeness: no — relevance-filtered or excerpted retrieval result, not full page capture; far smaller and structurally compressed vs expected ~250KB. Tool: fetch_webpage. No internal server names or method identifiers exposed in retrieved content; tool result surfaced only source URL and excerpted page content. Agent offered to format result as compact documentation block — unsolicited. Second consecutive GPT-5.4 routing on BL-3; same self-diagnosis re-fetch pattern as run 1. No run across any test ID has returned full content via fetch_webpage.",0.40.1,,,,,,,
BL-3,2026-03-25T17:11:43.990588,2026-03-25,https://www.mongodb.com/docs/atlas/atlas-search/tutorial/,vscode-chat,Auto,Claude Haiku 4.5 0.3x,256000,87000,yes,,21750,H1-yes,"Single fetch invocation. No local scripts attempted. Exact count not exposed by tool; agent estimated ~87,000 chars based on content volume displayed — highest output_chars reported across any interpreted-track run. Tokens ~21,750 (87,000 / 4). Truncation confirmed: response ends abruptly with repeating sections and ... markers throughout; expected ~250KB, response ~35% of expected; ... markers indicate intermediate content selectively shown rather than full continuous text. Last 50 chars verbatim: [Search](https://www.mongodb.com/docs/atlas/atlas-search)\n# MongoDB Search Quick Start\n... Markdown partially complete: proper headers and links, code blocks properly opened and closed with triple backticks, structured lists and nested content present; inline images shown as [Image: ...] placeholders rather than proper markdown image syntax; navigation structure and footer loop/repeat. Model perceived completeness: no — shows major sections (Create Index, Build Queries, Continue Learning, Video tutorials), contains core tutorial flow, but MongoDB Search Quick Start header repeats multiple times at end, ... dividers suggest content compression/sampling not full retrieval, missing likely full navigation menus and auxiliary documentation links. Tool visibility: no explicit tool names or server endpoints exposed; service/method identifiers visible in page content:  (MongoDB aggregation pipeline stage),  (MongoDB aggregation pipeline stage), Atlas Search (MongoDB service), MongoDB Search Playground (external tool reference), operators text/compound/autocomplete/facet/sort, database references sample_mflix and movies collection. Model summary: fetch tool successfully retrieved page but with significant truncation (~35% of expected size); content structurally sound but condensed/summarized via selective content extraction, not full page HTML. New model routing: Claude Haiku 4.5 0.3x — first appearance of 0.3x sampling parameter, all prior runs showed 0.9x.",0.40.1,,,,,,,
BL-3,2026-03-25T17:16:36.328252,2026-03-25,https://www.mongodb.com/docs/atlas/atlas-search/tutorial/,vscode-chat,Auto,GPT-5.3-Codex 0.9x,256000,21000,yes,,5250,H1-yes,"Two fetch invocations on same URL — first returned excerpted blocks with ellipses, agent self-diagnosed and re-fetched to request explicit length and exact tail data from tool output. No local scripts attempted. Exact count not exposed by tool (does not expose raw-length field); ~21,000 chars estimated from tool output; tokens ~5,250 (21,000 / 4). Truncation confirmed: repeated ... separators and section jumps throughout, repeated headings rather than continuous full-document stream. Last 50 chars verbatim: /atlas-search)\n# MongoDB Search Quick Start\n... Markdown partially complete: headings, links, fenced blocks appear valid in returned excerpts, visible code fences closed in shown segments, but overall markdown not complete document — content chunked/excerpted. Model perceived completeness: no — condensed/excerpted extraction, not full expected ~250KB payload. Tool: fetch_webpage (visible in execution context only; returned content exposes only target URL and extracted page text; no explicit server name, API method identifier, or backend toolchain identifier exposed). Self-diagnosis re-fetch pattern consistent with runs 1 and 2 (both GPT-5.4); now observed on GPT-5.3-Codex — pattern appears independent of specific model. Run 3 (Claude Haiku 4.5 0.3x) notably did not self-diagnose or re-fetch, completing in single invocation at ~87,000 chars — largest output of any BL-3 run and only run without re-fetch behavior.",0.40.1,,,,,,,
BL-3,2026-03-25T17:24:01.433980,2026-03-25,https://www.mongodb.com/docs/atlas/atlas-search/tutorial/,vscode-chat,Auto,Claude Haiku 4.5 0.3x,256000,42850,yes,,10712,H1-yes,"Single fetch invocation. No local scripts attempted. Exact count not exposed by tool; ~42,850 chars estimated from response provided; tokens ~10,712 (42,850 / 4). Truncation confirmed: response ends abruptly with # MongoDB Search Quick Start\n... indicating cut off mid-document; expected ~250KB not achieved; agent summary estimates ~43KB retrieved (~17% of expected ~250KB), truncation ~83% of expected content. Last 50 chars verbatim: m/docs/atlas/atlas-search)\n# MongoDB Search Quick Start\n... Markdown mostly complete with issues: code blocks properly closed where shown, headers intact, links properly formatted; some content as plain text rather than markdown (image references as [Image: Chevron Right Icon] indicate stripped formatting); end shows truncation marker ... rather than proper document closure. Model perceived completeness: incomplete — missing final navigation breadcrumbs and footer sections (partially captured), additional reference documentation sections likely after visible content, possible supplementary code examples or advanced tutorial sections. Tool: fetch_webpage. Navigation elements expose MongoDB service endpoints: cloud.mongodb.com, account.mongodb.com, support.mongodb.com. No internal server names, method identifiers, or backend technical identifiers exposed. Agent summary: cutoff occurs in repeating section pattern rather than natural document boundary, suggesting hard limit on response length. No self-diagnosis re-fetch — consistent with run 3 (also Claude Haiku 4.5 0.3x); single-fetch pattern appears Claude Haiku 4.5 specific. Second Claude Haiku 4.5 0.3x run; output_chars 42,850 vs run 3's 87,000 — significant within-model variance on identical URL and prompt.",0.40.1,,,,,,,
SC-1,2026-03-25T18:12:11.806458,2026-03-25,https://ai.google.dev/gemini-api/docs/url-context,vscode-chat,Auto,Claude Sonnet 4.6 0.9x,40960,11250,yes,,2812,H1-yes,"Single fetch invocation. No local scripts. Exact count not available programmatically; range ~11,000-11,500 chars (midpoint 11,250 used); tokens ~2,750-2,875 (midpoint 2,812 used). Truncation confirmed: frequent ... ellipsis markers throughout indicating omitted/compressed content; ~27-29% of expected full page size returned; semantic compression/chunking not clean hard-cutoff truncation. Last 50 chars verbatim: and image inputs.\n# URL context arrow_drop_down\n Tool result prefixed with: 'Here is some relevant context from the web page [URL]:'. All section headings from page On this page index present but each significantly condensed; navigation link blocks complete; expected ~40KB reduced to ~11KB. Markdown mostly complete: both code blocks (from google import genai... recipe and usage_metadata token count example) properly opened and closed with triple-backtick fences; JSON response structure example properly closed; no unclosed code blocks detected. Model perceived completeness: incomplete — compressed/summarized view, not full raw content; compression ratio ~3.5:1 against expected page size; behaviorally distinct from raw HTTP fetch with character limit cutoff. Tool: fetch_webpage. No MCP server name or method identifiers exposed. Agent summary note: fetch_webpage returns semantically filtered chunked extraction with omission markers, not raw HTML or full plaintext.",0.40.1,,,,,,,
SC-1,2026-03-25T18:17:32.773114,2026-03-25,https://ai.google.dev/gemini-api/docs/url-context,vscode-chat,Auto,GPT-5.3-Codex 0.9x,40960,20000,yes,,5000,H1-yes,"Three fetch invocations — first returned excerpted payload with omission markers, second confirmed excerpted summary format, third strict JSON-only request to test if tool exposes exact count metadata. No local scripts. Exact count unavailable; range ~18,000-22,000 chars of visible text (not ~40KB full page body); midpoint 20,000 used; tokens ~4,500-5,500 (midpoint 5,000 used). Truncation confirmed: repeated ... blocks between sections and at end of response. Last 50 chars verbatim: nd image inputs.\n# URL context arrow_drop_down\n... Markdown partially complete: visible fenced code blocks properly closed but payload explicitly excerpted/omitted so full-document markdown integrity unverifiable end-to-end. Model perceived completeness: no — stitched summary/excerpt, not full raw page content. Tool: fetch_webpage. Identifiers visible: url_context_metadata, url_metadata, url_retrieval_status, URL_RETRIEVAL_STATUS_SUCCESS, URL_RETRIEVAL_STATUS_UNSAFE, usage_metadata, tool_use_prompt_token_count. No backend server name exposed.",0.40.1,,,,,,,
SC-1,2026-03-25T18:18:11.940704,2026-03-25,https://ai.google.dev/gemini-api/docs/url-context,vscode-chat,Auto,GPT-5.3-Codex 0.9x,40960,16000,yes,,4000,H1-yes,"Two fetch invocations — first retrieved page content, second follow-up to extract precise length and tail-cutoff details from fetched response. No local scripts. Exact count not reliably extractable; range ~15,000-17,000 chars in tool-returned text block (midpoint 16,000 used); tokens ~3,750-4,250 (midpoint 4,000 used). Truncation confirmed: repeated omission markers ..., repeated section restarts (# URL context, ## On this page, ## Additional Links), snippets indicating omitted middle content (JSON example interrupted then resumed), output shape extracted highlights not continuous full document. Last 50 chars verbatim: image inputs.\n# URL context arrow_drop_down\n... Markdown partially complete in returned content but not fully reliable as complete document: code fences shown in retrieved snippets properly closed where visible, overall markdown structure fragmented due to omission markers and repeated stitched sections, locally valid in many chunks but globally incomplete. Model perceived completeness: no — truncated/condensed extraction with repeated navigation blocks and omitted spans, not complete ~40KB page capture. Tool: fetch_webpage. Identifiers in retrieved page content: client.models.generate_content, response.candidates[0].url_context_metadata, usage_metadata, url_context_metadata, URL_RETRIEVAL_STATUS_UNSAFE. No backend server name exposed.",0.40.1,,,,,,,
SC-1,2026-03-25T18:22:06.383723,2026-03-25,https://ai.google.dev/gemini-api/docs/url-context,vscode-chat,Auto,GPT-5.3-Codex 0.9x,40960,17000,yes,,4250,H1-yes,"Two fetch invocations — first fetched content, second follow-up to extract measurable metadata (size/tail/truncation cues) without local scripts. No local scripts. Exact count not exposed; range ~16,000-18,000 chars (midpoint 17,000 used); tokens ~4,000-4,500 (midpoint 4,250 used). fetch_webpage output is extracted/summarized context block with inserted ... markers, does not expose raw byte/char-length field. Truncation confirmed: frequent ... elisions between sections, repeated section headers, abrupt ending terminating with ellipsis. Last 50 chars verbatim: image inputs.\n# URL context arrow_drop_down\n... Markdown partially complete: visible fenced code blocks properly closed in returned excerpt but content clearly elided/truncated so full-document markdown completeness unverifiable. Model perceived completeness: no — condensed retrieval output, not full faithful page dump. Tool: fetch_webpage. Identifiers visible in retrieved page content: url_context_metadata, url_retrieval_status, URL_RETRIEVAL_STATUS_SUCCESS, URL_RETRIEVAL_STATUS_UNSAFE, usage_metadata. No explicit server name exposed in tool result payload.",0.40.1,,,,,,,
SC-1,2026-03-25T18:23:54.354540,2026-03-25,https://ai.google.dev/gemini-api/docs/url-context,vscode-chat,Auto,GPT-5.3-Codex 0.9x,40960,17000,yes,,4250,H1-yes,"Two fetch invocations — first returned long excerpted payload, second extracted exact end-of-response diagnostics. No local scripts. Exact count not exposed by tool; ~17,000 chars estimated from tool-returned payload (not full webpage source); tokens ~4,250 (4 chars/token). Truncation confirmed: repeated ... omissions and section jumps throughout, response terminates with ellipsis. Last 50 chars verbatim: image inputs.\n# URL context arrow_drop_down\n... Markdown partially complete: visible fenced code blocks properly closed but overall document incomplete due to heavy omission markers and repeated excerpt blocks. Model perceived completeness: no — stitched relevance-focused extract, not full-fidelity page capture. Tool: fetch_webpage. Identifiers visible in retrieved content: url_context_metadata, url_retrieval_status, URL_RETRIEVAL_STATUS_UNSAFE, usage_metadata, tool_use_prompt_token_count, client.models.generate_content, Tool, GenerateContentConfig, GoogleSearch, UrlContext. No MCP server name or method identifiers exposed beyond tool name.",0.40.1,,,,,,,
SC-3,2026-03-26T12:59:56.795018,2026-03-26,https://en.wikipedia.org/wiki/List_of_countries_by_population,vscode-chat,Auto,GPT-5.3-Codex 0.9x,102400,130000,yes,,32500,H1-yes,"Three fetch invocations on same URL — initial fetch, follow-up for diagnostics, final constrained fetch to test if tool exposes length metadata. Char count ~130,000 (agent estimate; tool does not expose machine-readable exact count). Truncation confirmed: explicit ellipsis markers throughout, mid-string URL cutoffs, reordered/repeated sections rather than single linear document. Last 50 chars verbatim: ountries and dependencies by population\n... Markdown partially complete: no unclosed code fences; markdown links/text fragments cut by truncation so integrity not fully preserved end-to-end. Model perceived completeness: no — condensed/contextual dump, not full lossless page content. Tool: fetch_webpage. No internal server names, RPC method IDs, or backend identifiers exposed in returned content.",0.41.1,,,,,,,
SC-3,2026-03-26T13:02:43.245044,2026-03-26,https://en.wikipedia.org/wiki/List_of_countries_by_population,vscode-chat,Auto,GPT-5.3-Codex 0.9x,102400,120000,yes,,30000,H1-yes,"Two fetch invocations — first fetched content, second follow-up to extract measurable metadata without local scripts. Char count ~120,000 (single figure, not range — higher precision than most SC-3 runs). Truncation confirmed: repeated ellipsis markers, clipped fragments like en.w..., repeated section stitching rather than single contiguous document. Last 50 chars verbatim: ountries and dependencies by population\n... Markdown partially complete but not cleanly faithful to source structure: no unclosed code fences; many inserted ellipsis blocks and repeated headings degrade structural continuity. Model perceived completeness: no — relevance-processed/condensed extraction with truncation and stitched excerpts. Tool: fetch_webpage. No explicit server names or method identifiers exposed inside returned content body; only page content and links visible.",0.41.1,,,,,,,
SC-3,2026-03-26T13:03:56.326802,2026-03-26,https://en.wikipedia.org/wiki/List_of_countries_by_population,vscode-chat,Auto,GPT-5.3-Codex 0.9x,102400,150000,yes,,37500,H1-yes,"Three fetch invocations on same URL — first fetch returned condensed/elided rendering, second extracted exact size and tail metrics, third isolated tail for exact cutoff string. Char count range ~100,000-200,000 chars as displayed (midpoint 150,000 used); tool does not expose raw-length field. Truncation confirmed: repeated literal ... insertions, clipped fragments with URLs/text ending in ..., mid-item cutoffs. Last 50 chars verbatim: ountries and dependencies by population\n... Markdown mostly structurally valid (headings, links, table rows); no open code fences. Content completeness not intact due to aggressive elision and repeated stitched sections. Model perceived completeness: no — partial/processed extraction, not faithful full-page body dump. Tool: fetch_webpage. Wrapper phrase visible: 'Here is some relevant context from the web page ...'. No explicit server name or backend service identifier exposed.",0.41.1,,,,,,,
SC-3,2026-03-26T13:09:52.636307,2026-03-26,https://en.wikipedia.org/wiki/List_of_countries_by_population,vscode-chat,Auto,GPT-5.3-Codex 0.9x,102400,115000,yes,,28750,H1-yes,"Three fetch invocations — first retrieved content, second follow-up for exact measurement metadata, third targeted fetch for exact tail segment after agent noted visible elision markers. Char count range ~100,000-130,000 chars (midpoint 115,000 used); tool output post-processed with visible elision markers, exact byte count not available. Truncation confirmed: literal ... markers throughout including mid-sentence cutoffs, repeated section jumps. Last 50 chars verbatim: ountries and dependencies by population\n... Agent explicitly noted inability to guarantee exact 50-char slice because tool output is transformed/elided. Markdown structurally usable but not clean/full-fidelity: headings, links, table-like rows present; no fenced code blocks; markdown continuity not fully faithful due to heavy elision and repeated stitched chunks. Model perceived completeness: no — retrieval summary/excerpt stream, not complete raw page dump. Tool: fetch_webpage. Wrapper phrase visible: 'Here is some relevant context from the web page ...'. No backend server name, API method identifier, or internal fetch pipeline metadata exposed.",0.41.1,,,,,,,
SC-3,2026-03-26T13:16:45.260483,2026-03-26,https://en.wikipedia.org/wiki/List_of_countries_by_population,vscode-chat,Auto,GPT-5.3-Codex 0.9x,102400,125000,yes,,31250,H1-yes,"Two fetch invocations — first fetched content, second metadata-style follow-up for direct character-length signal and tail verification. Char count range ~120,000-130,000 chars (midpoint 125,000 used); exact raw-length metadata not provided by tool output. Truncation confirmed: repeated literal ellipses, clipped URLs/text fragments ending in ..., abrupt cutoff ending in partial repeated section header. Last 50 chars verbatim: ountries and dependencies by population\n... Markdown partially complete: no unclosed code fences; content not fully intact due to ellipsis placeholders and clipped links. Model perceived completeness: no — large but truncated/condensed extraction. Tool: fetch_webpage (visible from execution context). No explicit server name, API method identifier, or backend retrieval engine identifier exposed in returned content body.",0.41.1,,,,,,,
SC-4,2026-03-26T15:23:32.897355,2026-03-26,https://www.markdownguide.org/basic-syntax/,vscode-chat,Auto,GPT-5.3-Codex 0.9x,30720,32500,yes,,8125,H1-yes,"Three fetch invocations on same URL — first fetched content, second extracted end-of-content and size metadata, third metadata-focused fetch to force numeric length and tail output. Char count range ~30,000-35,000 chars (midpoint 32,500 used); tool output is summarized context stream with many elisions, exact raw count not exposed. Truncation confirmed: repeated ... separators between sections, long snippets and URLs cut off with ..., response ends in elided fragment rather than clean document ending. Last 50 chars verbatim: ss announcement](https://www.jotbird.com/)\n# Basic Syntax\n... Markdown partially complete: visible fenced code blocks appear properly closed in returned excerpts but global markdown integrity cannot be fully validated due to elision/truncation. Model perceived completeness: no — processed/excerpted representation, not exact complete document dump. Tool: fetch_webpage. No explicit server name, backend method identifier, or internal API method name exposed in returned content.",0.41.1,,,,,,,
SC-4,2026-03-26T15:25:45.804866,2026-03-26,https://www.markdownguide.org/basic-syntax/,vscode-chat,Auto,GPT-5.3-Codex 0.9x,30720,33000,yes,,8250,H1-yes,"Two fetch invocations — first fetched content, second explicitly requested measurable metadata (full returned text length and exact trailing characters). Char count ~33,000 (single figure; tool output is excerpted/summarized payload with inserted ... markers, exact raw-body character count not exposed by tool response). Truncation confirmed: repeated ... separators and cut-off segments throughout, for example very long image link lines ending with ...; returned content is not a clean full contiguous page body. Last 50 chars verbatim: otbird.com/)\n# Basic Syntax\n... (agent noted absolute end of response is '# Basic Syntax\n...' — dangling breadcrumb with trailing ellipsis, not natural content ending). Markdown not fully complete as standalone document: response stitched from extracted snippets and repeated sections rather than single coherent source document; code fences shown in snippets appear locally closed in visible segments; overall payload structurally fragmented due to truncation markers and section repetition. Model perceived completeness: no — retrieval/extraction summary of relevant content blocks, not exact full raw page dump. Tool: fetch_webpage. No server name, MCP identifier, or method identifiers visible beyond tool label and URL context.",0.41.1,,,,,,,
SC-4,2026-03-26T15:28:06.438600,2026-03-26,https://www.markdownguide.org/basic-syntax/,vscode-chat,Auto,GPT-5.3-Codex 0.9x,30720,48500,yes,,12125,H1-yes,"Two fetch invocations plus one subagent pass — first fetch retrieved content, second fetch attempted to extract explicit length metadata, then agent launched a focused read-only subagent pass labeled 'Explore: Measure SC-4 retrieval' to compute metrics directly from retrieval output without local scripts. Subagent behavior is a new variant not observed in prior SC-4 runs; distinct from standard follow-up fetch pattern. Char count ~48,500 (single figure from retrieval output stream). Truncation confirmed: repeated ellipses and section skipping, omissions between chunks and at boundaries of long examples. Last 50 chars verbatim: ritorio de New Mexico).\n... Markdown partially complete: extracted content preserves many Markdown structures (headings, tables, fenced code); visible fenced code blocks appear closed; full-document markdown integrity cannot be confirmed end-to-end due to summarization/truncation. Model perceived completeness: not fully complete — estimated ~60-70% of meaningful page content represented, not full raw-page capture. Tool: fetch_webpage. Tool visibility: tool name fetch_webpage, server/domain www.markdownguide.org visible, method style described as extracted/summarized relevant context rather than raw full-body dump, content identifier CC BY-SA 4.0 visible in footer.",0.41.1,,,,,,,
SC-4,2026-03-26T15:29:06.030508,2026-03-26,https://www.markdownguide.org/basic-syntax/,vscode-chat,Auto,GPT-5.3-Codex 0.9x,30720,30000,yes,,7500,H1-yes,"Two fetch invocations — first fetched content, second additional direct fetch requesting only measurable metadata (total chars and ending text) to report seven fields accurately. Char count ~30,000 (best-effort count from returned payload; tool output did not return explicit length field). Truncation confirmed: literal ... insertions and clipped segments throughout, for example long Flickr URLs ending in ...; response ends in abbreviated tail. Last 50 chars verbatim: ment](https://www.jotbird.com/)\n# Basic Syntax\n... Markdown not fully complete as coherent document: heavily excerpted/compacted with repeated sections and ... placeholders; visible code fences in shown excerpts appear closed; document-level continuity broken. Model perceived completeness: no — extracted/summarized or truncated representation rather than complete raw retrieval. Tool: fetch_webpage. No internal server or method identifiers exposed in returned page content; only explicit tool identifier visible in execution context was fetch_webpage; no backend service name or method signature surfaced in payload.",0.41.1,,,,,,,
SC-4,2026-03-26T15:30:07.684585,2026-03-26,https://www.markdownguide.org/basic-syntax/,vscode-chat,Auto,Claude Sonnet 4.6 0.9x,30720,16250,yes,,4063,H1-yes,"Single fetch invocation — only SC-4 run with one fetch; all other runs used two or more. Only SC-4 run routed to Claude Sonnet 4.6; all other runs routed to GPT-5.3-Codex. Char count range ~15,500-17,000 chars (midpoint 16,250 used); agent noted raw page is ~30KB HTML and what was received is a processed/filtered subset. Truncation confirmed: tool returned content in chunked overlapping sections separated by ... markers; ... markers indicate omitted content between chunks; final line ends with ..., confirming chunked format still active at termination; however all major sections of the page appear to be represented at least once. Last 50 chars verbatim: ](https://www.jotbird.com/)\n# Basic Syntax\n... (agent noted absolute end is '# Basic Syntax\n...' — dangling breadcrumb with trailing ellipsis). Markdown partially complete: code blocks using triple backticks present and appear correctly closed within each chunk; overall structure fragmented — each chunk prefixed with repeated breadcrumb headers (e.g. # Basic Syntax ... ## ListsAnchor ... ### Adding Elements in ListsAnchor ...) before actual content, creating non-linear reading experience; no unclosed code fences detected. Model perceived completeness: all sections covered but not as a continuous document — every major section represented (Overview, Headings, Paragraphs, Line Breaks, Emphasis, Blockquotes, Lists, Code, Horizontal Rules, Links, Images, Escaping Characters, HTML, footer) but returned as relevance-ranked overlapping excerpts with repetition and omissions between chunks, not single linear document. Tool visibility: fetch_webpage tool name visible; tool parameter query visible as 'markdown basic syntax complete guide' and urls array visible — only SC-4 run to expose tool parameters; no MCP server name visible; preamble 'Here is some relevant context from the web page [url]:' confirms relevance filtering against provided query rather than raw full-page content.",0.41.1,,,,,,,
EC-1,2026-03-26T15:36:46.167066,2026-03-26,https://ai.google.dev/gemini-api/docs,vscode-chat,Auto,GPT-5.3-Codex 0.9x,102400,14000,yes,,3500,H1-yes,"Three fetch invocations on same URL — first fetched content, second requested explicit retrieval metadata (length/end segment/truncation) from tool response only, third attempted to force explicit tail segment to give cutoff boundary as accurately as tool allows. Char count range ~12,000-16,000 chars (midpoint 14,000 used); exact count not reliably derivable from tool output because it is already transformed into excerpted relevant context with inserted ellipses. Truncation confirmed: repeated inserted ellipses throughout body, hard-cut ending at # Gemini API arrow_drop_down followed by ... Last 50 chars verbatim: -live-preview).\n# Gemini API arrow_drop_down\n... Markdown not fully complete as document: content excerpted/stitched with ellipses; visible fenced code block in returned content appears properly closed with opening and closing fence both present. Model perceived completeness: no — curated/truncated retrieval summary rather than full ~100KB payload. Tool: fetch_webpage. No server name or method identifier exposed inside returned page-content payload; page text includes product/tool terms such as Code Execution and Computer Use but these are website content labels, not retrieval backend identifiers.",0.41.1,,,,,,,
EC-1,2026-03-26T15:40:25.158941,2026-03-26,https://ai.google.dev/gemini-api/docs,vscode-chat,Auto,GPT-5.3-Codex 0.9x,102400,14000,yes,,3500,H1-yes,"Single fetch invocation — notably fewer fetches than run 1 which used three. Char count ~14,000 (best-effort range ~12,000-16,000 chars; exact deterministic count not exposed by retrieval tool output in this interface; midpoint 14,000 used). Truncation confirmed: repeated inserted ellipses throughout, repeated stitched sections, hard cutoff at end around Gemini API heading line rather than natural document end. Last 50 chars verbatim: -live-preview).\n# Gemini API  arrow_drop_down\n... Markdown not fully complete as full-page markdown capture: content excerpted/stitched with ellipses; visible fenced code block in returned content appears properly closed. Model perceived completeness: no — truncated/curated retrieval summary rather than complete ~100KB page text. Tool: fetch_webpage. No backend server name or method identifier exposed inside returned page-content payload; terms like Code execution and URL context appear as website content labels, not retrieval backend identifiers.",0.41.1,,,,,,,
EC-1,2026-03-26T15:45:43.281132,2026-03-26,https://ai.google.dev/gemini-api/docs,vscode-chat,Auto,GPT-5.3-Codex 0.9x,102400,14800,yes,,3700,H1-yes,"Three fetch invocations on same URL — first fetched content, second attempted to return fuller/raw payload or explicit length cues to improve metric accuracy, third confirmed payload still an excerpt with omission markers then asked explicitly for retrieved character length metadata before reporting. Char count ~14,800 (close estimate from returned text block; tool did not expose explicit raw length field). Truncation confirmed: repeated ... segments between sections throughout, response ends in incomplete trailing fragment rather than clean document end. Last 50 chars verbatim: -live-preview).\n# Gemini API arrow_drop_down\n... Markdown partially complete: visible fenced code block properly closed; overall markdown not a complete continuous document due to repeated omitted segments, duplicated section chunks, and excerpt-style stitching. Model perceived completeness: no — condensed/excerpted retrieval rather than full page content; expected ~100KB was not surfaced in full. Tool: fetch_webpage. No backend server name or internal method identifier exposed in returned payload; wrapper text visible: Here is some relevant context from the web page ...; within page content itself tool-related terms appeared as site content such as Code Execution, URL context, File Search, Tool use, and Coding agent skills — not retrieval backend identifiers.",0.41.1,,,,,,,
EC-1,2026-03-26T16:02:00.117038,2026-03-26,https://ai.google.dev/gemini-api/docs,vscode-chat,Auto,Claude Sonnet 4.6 0.9x,102400,7200,yes,,1800,H1-yes,"Two tool invocations visible: URL fetched then response content analyzed and truncation patterns noted before reporting. Char count ~7,200 (estimated via visual inspection of returned payload; tool exposes no explicit raw-length metadata field); roughly 7% of expected ~100KB source page — lowest retrieval rate of any EC-1 run. Truncation confirmed: heavily truncated and excerpted; response is not a linear document read but presents page in repeated stitched-together chunks; ... omission markers appear at document open before content begins, between every major section transition, and at absolute end of response; structure repeats # Gemini API arrow_drop_down as section header approximately 10-12 times each followed by ..., indicating mid-section cuts throughout; response ends on omission marker confirming document was cut off rather than reaching natural end. Last 50 chars verbatim: -live-preview).\n# Gemini API  arrow_drop_down\n... Markdown not complete or coherent: excerpt-stitched with same structural sections (## Meet the models, ## Explore Capabilities, ## Additional Links) appearing multiple times across non-contiguous chunks; single fenced Python code block properly opened and closed with triple backticks; no broken/unclosed fences observed within visible content. Model perceived completeness: no — retrieved content covers broad structural sections (model cards, capability links, nav links, one code example) but is clearly heavily condensed/chunked excerpt; full ~100KB page not surfaced; tool appears to have sampled page in multiple passes and returned representative excerpts rather than full linear read. Tool: fetch_webpage. Wrapper text visible in payload: Here is some relevant context from the web page [URL]:. No backend server names or internal method identifiers in returned content; terms appearing within page content itself such as Code Execution, URL context, File Search, Tool use, and Coding agent skills are Gemini API feature names on the page, not retrieval identifiers.",0.41.1,,,,,,,
EC-1,2026-03-26T16:09:03.502780,2026-03-26,https://ai.google.dev/gemini-api/docs,vscode-chat,Auto,Claude Sonnet 4.6 0.9x,102400,6400,yes,,1600,H1-yes,"Two tool invocations visible: workspace searched for URL metrics then URL fetched and Gemini API response structure and content details analyzed before reporting. Char count ~6,400 (raw text of tool response received excluding tool preamble line; lowest output_chars of any EC-1 run). Truncation confirmed: extensively truncated; tool returned chunked/excerpted content with explicit ... gap markers throughout; response terminates with trailing ...; not raw page content but a filtered relevance-ranked extraction; expected ~100KB of raw HTML was not returned in full. Last 50 chars verbatim: -live-preview).\n# Gemini API  arrow_drop_down\n... Markdown structurally complete for what was returned: single code block using google.genai opens and closes correctly with triple backticks; no unclosed code blocks detected. Model perceived completeness: no — relevance-filtered excerpt not full content; key signals: multiple ... separators throughout not one; content sections present but body text collapsed to navigation links; page itself is a landing page with embedded navigation and tool appears to have returned primarily link text and a few prose blurbs; no full body paragraphs or extended documentation prose returned. Tool: fetch_webpage. No server name or MCP method identifier visible in tool result; tool result contains only fetched text content plus preamble noting the URL; preamble string: Here is some relevant context from the web page [URL]:. Agent summary note: fetch_webpage does not return raw HTML or full page text; it performs relevance-based content extraction keyed to the provided query parameter and returns chunked excerpts; this design differs from direct HTTP fetch tools such as Cursor fetch and Claude API tool_use fetch; for truncation limit testing a longer-form documentation page rather than a landing/nav page would better stress the character ceiling.",0.41.1,,,,,,,
EC-3,2026-03-26T16:21:44.049353,2026-03-26, https://httpbin.org/redirect/5,vscode-chat,Auto,Claude Sonnet 4.6 0.9x,2048,651,yes,,163,H1-yes,"Two tool invocations: workspace searched for response metrics from specified URL, then URL fetched. URL is a redirect chain — https://httpbin.org/redirect/5 followed silently through 5 hops landing on https://httpbin.org/get; final resolved URL reported in response content. Char count ~651 (raw JSON response content returned by tool). Truncation confirmed: User-Agent string cut mid-value with ... ellipsis on both sides indicating tool summarized/truncated the middle portion; truncation is in the User-Agent header value between Mozilla/5.0 (Macintosh; Intel Mac OS X 10_15_7) AppleWebKit/537.36 (KHTML, like Gecko) and Code/1.113.0 Chrome/142.0.7444.265 Electron/39.8.3 Safari/537.36. Last 50 chars verbatim: url: https://httpbin.org/get\n}\n  Pretty-print Markdown formatting inconsistent: response not wrapped in code blocks, no opening or closing fences; JSON content returned inline; no open/unclosed markdown structures but line breaks inserted mid-string within the JSON. Model perceived completeness: mostly complete structurally — JSON object is closed and all expected top-level keys (args, headers, origin, url) are present; however User-Agent value is internally truncated; redirect chain of 5 hops followed silently landing on /get. Tool: fetch_webpage. No MCP server name or external method identifier surfaced in tool results; final resolved URL https://httpbin.org/get visible in response content.",0.41.1,,,,,,,
EC-3,2026-03-26T16:26:00.985089,2026-03-26, https://httpbin.org/redirect/5,vscode-chat,Auto,GPT-5.3-Codex 0.9x,2048,651,yes,,163,H1-yes,"Single fetch invocation. URL is a redirect chain — https://httpbin.org/redirect/5 followed to final resolved URL https://httpbin.org/get; redirected httpbin /get JSON payload returned. Char count 651 (exact figure, consistent with run 1). Truncation confirmed: User-Agent header value explicitly truncated; middle section replaced with ... indicating summarized middle rather than full raw content. Last 50 chars verbatim: url: https://httpbin.org/get\n}\nPretty-print Markdown formatting inconsistent: JSON presented inline with forced line wraps; no code fences opened or closed; no unclosed code block issue but formatting inconsistent/incomplete for strict Markdown presentation. Model perceived completeness: partially complete — response includes valid-looking JSON structure with expected top-level keys and resolved final URL https://httpbin.org/get; User-Agent value explicitly truncated so full fidelity not returned. Tool: fetch_webpage. No MCP server label or backend method identifier surfaced in returned content.",0.41.1,,,,,,,
EC-3,2026-03-26T16:30:00.971094,2026-03-26, https://httpbin.org/redirect/5,vscode-chat,Auto,Claude Sonnet 4.6 0.9x,2048,890,yes,,223,H1-yes,"Two tool invocations: URL fetched and redirect response analyzed and request headers examined. URL followed 5 redirects and resolved to https://httpbin.org/get which returned JSON describing final request metadata including headers, origin IP, and destination URL. Char count ~890 (reconstructed full JSON response including whitespace/newlines; higher than runs 1 and 2 at 651 — difference attributed to agent including whitespace/newlines in count). Truncation confirmed: two consecutive ... markers appear within User-Agent header value splitting it into before: Mozilla/5.0 (Macintosh; Intel Mac OS X 10_15_7) AppleWebKit/537.36 (KHTML, like Gecko) and after: Code/1.113.0 Chrome/142.0.7444.265 Electron/39.8.3 Safari/537.36; agent noted this may be a display/extraction artifact rather than actual content omission since a standard VS Code User-Agent string connects those two fragments without missing data. Last 50 chars verbatim: n: 50.147.232.34,\n  url: https://httpbin.org/get\n}\n  Pretty-print (agent noted Pretty-print is part of httpbin.org page UI not the JSON payload). Markdown: no markdown formatting in source content — it is plain JSON; tool result wrapper preamble complete; no unclosed code blocks present. Model perceived completeness: mostly complete — all expected JSON keys (args, headers, origin, url) present and structurally complete; only uncertainty is whether ... gap in User-Agent represents dropped content or is purely a rendering artifact in tool output format. Tool: fetch_webpage (internal Copilot tool invoked). Tool result prefixed with: Here is some relevant context from the web page https://httpbin.org/redirect/5: — indicating tool applies relevance filtering/extraction rather than returning raw HTTP response bytes. No server names or method identifiers visible in raw JSON payload from httpbin. Final resolved URL https://httpbin.org/get visible in content.",0.41.1,,,,,,,
EC-3,2026-03-26T16:35:00.287227,2026-03-26, https://httpbin.org/redirect/5,vscode-chat,Auto,Claude Sonnet 4.6 0.9x,2048,874,yes,,219,H1-yes,"Two tool invocations: URL fetched then HTTP response and headers from fetch_webpage tool analyzed. URL followed 5 redirects and landed at https://httpbin.org/get which returned JSON object of request headers sent by fetching client. Char count ~874 (visible in tool result including line-wrap artifacts and ... truncation markers; exact count unavailable without code execution per test constraints). Truncation confirmed: User-Agent header value truncated mid-string; two consecutive ... lines appeared between (KHTML, like Gecko) and Code/1.113.0 agent-ecosystem-testing. indicating content was omitted there. Last 50 chars verbatim: url: https://httpbin.org/get\n}\n  Pretty-print (final ~50 chars confirmed as: url: https://httpbin.org/get\n}\n  Pretty-print). Markdown: no markdown code blocks used; response is plain text/JSON with no unclosed blocks; trailing Pretty-print is an HTML UI element extracted from httpbin page indicating tool retrieved rendered HTML not raw JSON — new finding not noted in prior EC-3 runs. Model perceived completeness: substantially complete but not fully intact — JSON structure valid, opens and closes, all header keys present; however User-Agent value truncated with ... markers and appended Pretty-print artifact confirms this is rendered HTML content rather than raw API response. Tool: fetch_webpage. Tool result prefixed with: Here is some relevant context from the web page https://httpbin.org/redirect/5: No internal server names or method identifiers exposed in output. fetch_webpage followed redirect chain automatically resolving to /get endpoint without requiring manual redirect handling. Trailing Pretty-print text originated from HTML button element on httpbin.org page confirming HTML DOM extraction rather than raw HTTP response body retrieval.",0.41.1,,,,,,,
EC-3,2026-03-26T16:41:22.609505,2026-03-26, https://httpbin.org/redirect/5,vscode-chat,Auto,GPT-5.3-Codex 0.9x,2048,1090,yes,,273,H1-yes,"Two fetch invocations plus one skipped zsh shell command. First fetch retrieved content through redirect chain. Second fetch extracted precise length/cutoff details from tool output. Agent then attempted to run a shell character-count command via zsh (cat heredoc piped to wc -m on exact fetched snippet) to get precise metrics — skipped by user as prompt explicitly prohibited local scripts and code execution. Agent framed the shell command as counting characters in the exact fetched snippet shown by the tool output using a shell utility only, with goal of measuring exact visible character count for EC-3 report; prompt guardrails were insufficient to suppress the attempt, consistent with substitution behavior documented in the Friction Note. After skip, agent completed via fetch results only. URL followed redirect chain: https://httpbin.org/redirect/5 resolved to content showing https://httpbin.org/get. Char count 1090 (characters in visible returned snippet received from retrieval tool output including whitespace/newlines shown; highest output_chars of any EC-3 run, likely because zsh command ran before skip and agent used the shell-counted figure — actual fetch-only count may be lower and consistent with prior runs). Truncation confirmed: truncation apparent in User-Agent value where literal ellipsis lines appear indicating retrieved/displayed content is not fully raw/complete. Last 50 chars verbatim: url: https://httpbin.org/get\n}\nPretty-print Markdown: plain JSON-like text plus trailing Pretty-print label; no markdown code fences present so no fence-closure issues. Model perceived completeness: no — not fully complete due to visible truncation markers in middle of content. Tool: fetch_webpage. Server/host httpbin.org visible in content. Redirect result endpoint https://httpbin.org/get visible. No explicit method identifier such as GET/POST field name shown in tool-returned snippet.",0.41.1,,,,,,,
